timestamp,ch3,ch4,ch5,ch6,ch7,ch8,ch9,ch10,ch11,ch12,ch13,ch14,ch22,ch23,ch24,ch25,ch26,ch27,ch28,ch29,ch30,ch35,ch36,ch37,ch38,ch39,ch40,ch41,ch42,ch43,ch44,ch45,ch46,ch51,ch52,ch53,ch54,ch55,ch56,ch57,ch58,ch59,ch60,ch61,ch62,humidity,temperature,location
2024-04-12T17:10:13Z,2517.6,2516.9,2516.7,2843.4,2844.0,2844.2,6040.8,6039.8,6040.0,2467.8,2468.0,2468.6,3741.0,3739.6,3740.0,4756.5,4756.5,4756.6,6691.9,6692.8,6691.6,9120.3,9118.0,9121.4,5530.9,5530.0,5530.9,7868.0,7867.5,7866.7,6460.6,6460.7,6461.4,1964.6,1963.5,1963.4,3915.8,3915.5,3916.7,2784.9,2784.5,2784.6,3046.5,3047.0,3047.4,26.010000,28.690001,going to desks 1 2 3
2024-04-12T17:10:15Z,2517.7,2517.3,2517.5,2844.0,2843.6,2843.8,6040.4,6040.3,6040.2,2468.6,2468.5,2468.7,3740.6,3740.8,3740.7,4757.1,4756.3,4756.4,6689.8,6689.2,6689.7,9117.8,9117.2,9118.3,5531.4,5530.7,5531.3,7864.9,7864.7,7866.5,6458.6,6457.9,6458.0,1964.5,1962.9,1962.7,3915.8,3915.5,3916.6,2784.5,2783.3,2783.0,3047.3,3047.9,3048.7,25.980000,28.730000,desks 1 2 3
2024-04-12T17:10:17Z,2518.2,2517.6,2517.7,2843.9,2844.2,2844.5,6039.1,6039.2,6039.0,2468.6,2468.4,2468.5,3740.4,3739.7,3740.4,4756.3,4755.7,4755.9,6691.9,6692.0,6691.7,9117.8,9118.8,9117.0,5529.8,5528.7,5529.1,7868.6,7868.5,7870.3,6461.7,6462.2,6461.5,1964.1,1962.6,1963.0,3916.0,3915.9,3916.8,2785.0,2783.7,2783.9,3047.9,3047.2,3047.1,26.000000,28.730000,desks 1 2 3
2024-04-12T17:10:29Z,2517.1,2517.1,2516.7,2842.4,2842.7,2843.0,6038.7,6038.6,6037.8,2468.7,2468.4,2469.4,3739.3,3739.1,3738.8,4755.9,4754.6,4755.0,6690.7,6691.0,6690.9,9121.7,9118.5,9122.8,5530.8,5530.4,5531.0,7865.8,7866.8,7865.6,6457.0,6457.0,6458.2,1964.6,1963.1,1963.4,3914.7,3914.4,3915.3,2783.4,2782.5,2782.4,3046.9,3046.3,3046.7,26.000000,28.719999,going to desks 5 6 7
2024-04-12T17:10:34Z,2517.2,2516.3,2516.3,2842.2,2842.2,2843.3,6038.5,6038.3,6038.5,2467.7,2467.8,2468.5,3739.4,3738.9,3739.2,4756.4,4755.9,4755.7,6689.9,6689.9,6691.3,9116.5,9115.6,9115.6,5530.0,5529.2,5530.0,7866.1,7864.7,7865.2,6459.9,6458.1,6458.8,1964.9,1963.2,1963.4,3915.2,3915.7,3916.0,2783.6,2782.8,2782.7,3047.6,3047.5,3047.3,26.000000,28.709999,going to desks 5 6 7
2024-04-12T17:10:39Z,2518.3,2516.9,2516.9,2842.2,2842.3,2842.6,6039.3,6038.7,6038.7,2467.6,2468.0,2468.8,3739.7,3739.6,3740.1,4755.2,4755.2,4755.6,6689.1,6689.0,6690.4,9114.3,9116.8,9115.0,5528.1,5527.2,5528.5,7862.6,7863.2,7862.1,6457.0,6457.5,6456.5,1963.7,1962.5,1962.5,3914.9,3914.3,3915.6,2784.2,2783.0,2783.5,3047.8,3046.6,3046.8,26.000000,28.719999,going to desks 5 6 7
2024-04-12T17:10:44Z,2518.0,2517.0,2517.3,2842.0,2841.8,2842.5,6037.8,6037.7,6037.6,2467.2,2467.5,2468.0,3738.3,3738.6,3738.4,4755.4,4755.1,4754.8,6687.7,6688.5,6689.5,9122.6,9118.9,9116.3,5530.0,5529.1,5529.8,7862.5,7862.1,7862.7,6458.0,6458.0,6459.5,1964.2,1962.6,1962.7,3914.5,3913.8,3915.2,2783.1,2783.0,2783.1,3045.6,3045.5,3045.9,26.020000,28.690001,going to desks 5 6 7
2024-04-12T17:10:46Z,2517.7,2517.2,2517.0,2842.7,2841.8,2843.1,6037.3,6037.2,6036.9,2467.4,2467.5,2467.3,3738.4,3738.3,3738.1,4754.6,4754.4,4754.3,6691.0,6690.9,6690.9,9115.2,9114.7,9114.0,5529.7,5529.2,5529.4,7863.0,7861.5,7860.5,6456.6,6458.1,6458.2,1963.9,1962.2,1962.0,3913.5,3913.3,3914.4,2783.3,2782.9,2782.8,3046.8,3047.4,3046.9,26.020000,28.730000,desks 5 6 7
2024-04-12T17:10:48Z,2517.3,2516.9,2517.2,2842.4,2842.9,2842.6,6036.8,6036.5,6036.4,2466.9,2467.4,2468.1,3738.0,3738.1,3738.2,4754.6,4754.4,4754.1,6688.3,6688.1,6689.2,9115.2,9114.9,9118.1,5527.6,5527.4,5528.3,7862.7,7862.3,7861.4,6460.5,6459.5,6459.2,1964.2,1962.4,1962.4,3914.0,3913.5,3914.7,2782.6,2781.7,2782.2,3046.6,3046.7,3046.4,26.020000,28.690001,desks 5 6 7
2024-04-12T17:10:50Z,2516.9,2516.3,2516.6,2842.6,2842.8,2843.0,6037.1,6036.5,6037.2,2466.5,2466.9,2467.5,3738.6,3738.5,3737.3,4754.6,4754.0,4754.4,6691.2,6689.6,6688.4,9115.2,9115.3,9119.4,5526.9,5527.5,5529.6,7860.5,7859.4,7859.7,6458.6,6458.0,6458.7,1964.0,1961.9,1962.0,3913.2,3914.1,3914.7,2783.6,2783.0,2783.2,3046.4,3046.0,3045.9,26.010000,28.690001,desks 5 6 7
2024-04-12T17:10:52Z,2517.2,2516.7,2516.9,2842.2,2842.0,2842.6,6037.4,6037.1,6036.7,2467.0,2467.1,2467.7,3737.0,3738.1,3738.0,4753.9,4753.3,4753.7,6692.3,6691.6,6693.3,9115.1,9115.4,9114.1,5528.5,5527.8,5528.5,7860.9,7857.8,7857.8,6458.7,6457.2,6457.1,1964.2,1962.9,1962.4,3915.7,3914.7,3915.6,2783.4,2782.7,2782.2,3047.9,3046.2,3046.2,26.000000,28.730000,desks 5 6 7
2024-04-12T17:11:05Z,2516.7,2515.9,2516.5,2843.0,2841.7,2842.5,6037.3,6036.5,6036.0,2466.2,2466.7,2466.6,3736.3,3736.9,3737.7,4753.2,4753.4,4753.2,6687.7,6687.9,6689.2,9114.0,9110.4,9111.2,5527.7,5527.8,5528.6,7860.1,7857.7,7859.3,6458.9,6458.6,6459.4,1963.4,1962.2,1961.9,3912.1,3912.6,3912.4,2783.1,2782.0,2782.7,3045.4,3044.7,3045.3,26.040001,28.690001,going to desks 9 10 11
2024-04-12T17:11:10Z,2516.8,2516.7,2516.7,2842.9,2842.6,2843.8,6036.8,6036.4,6036.6,2466.3,2466.3,2467.4,3737.4,3737.4,3736.7,4754.1,4753.8,4753.3,6688.2,6687.4,6687.5,9111.8,9109.4,9109.1,5528.1,5527.3,5528.1,7860.9,7859.8,7859.9,6457.6,6457.5,6458.9,1964.0,1962.7,1962.0,3913.2,3912.5,3913.7,2782.4,2781.8,2781.8,3045.2,3045.8,3045.7,26.020000,28.709999,going to desks 9 10 11
2024-04-12T17:11:15Z,2517.2,2516.3,2516.6,2843.0,2843.0,2843.5,6035.9,6035.6,6035.8,2467.1,2466.4,2467.3,3737.7,3737.4,3737.8,4753.3,4753.7,4753.2,6688.2,6686.8,6686.0,9113.4,9110.2,9113.2,5527.6,5526.7,5528.0,7859.7,7856.6,7856.7,6457.2,6456.1,6457.4,1963.4,1961.7,1962.1,3912.7,3912.6,3913.9,2782.4,2781.4,2780.5,3045.4,3045.8,3045.4,26.010000,28.680000,going to desks 9 10 11
2024-04-12T17:11:20Z,2516.4,2515.4,2516.3,2841.3,2841.1,2841.9,6035.6,6035.2,6035.3,2467.1,2466.8,2467.5,3737.9,3737.6,3737.4,4752.7,4752.3,4752.3,6686.8,6689.8,6688.4,9111.8,9113.5,9111.0,5526.7,5526.5,5527.0,7860.4,7860.0,7860.5,6455.4,6454.6,6454.8,1964.1,1962.2,1962.1,3913.2,3913.5,3914.5,2781.8,2781.4,2781.4,3045.1,3044.2,3044.6,26.010000,28.709999,going to desks 9 10 11
2024-04-12T17:11:25Z,2517.5,2516.7,2516.8,2841.7,2841.5,2841.4,6035.4,6035.3,6035.4,2466.5,2467.0,2467.6,3737.7,3737.6,3737.7,4752.6,4752.2,4751.8,6686.3,6686.1,6685.9,9112.7,9112.4,9112.5,5527.8,5527.1,5527.4,7860.7,7859.3,7858.4,6455.9,6457.0,6459.6,1963.4,1962.1,1962.1,3911.8,3912.3,3913.3,2782.2,2781.5,2781.8,3046.3,3045.8,3045.9,26.020000,28.709999,going to desks 9 10 11
2024-04-12T17:11:30Z,2517.8,2517.5,2518.1,2841.5,2841.3,2841.8,6035.3,6034.5,6034.9,2467.7,2467.8,2467.3,3737.1,3736.9,3736.8,4750.7,4751.3,4751.3,6681.6,6683.7,6684.7,9109.5,9109.8,9112.3,5527.4,5526.6,5526.3,7859.4,7858.4,7857.2,6455.8,6456.7,6454.7,1963.6,1961.9,1962.1,3912.6,3912.7,3913.8,2783.1,2782.2,2781.4,3045.3,3045.2,3046.4,26.020000,28.709999,going to desks 9 10 11
2024-04-12T17:11:35Z,2517.2,2516.7,2516.9,2840.7,2841.6,2841.2,6035.3,6034.6,6034.7,2467.1,2466.5,2467.2,3736.4,3736.3,3737.5,4751.1,4750.5,4750.8,6686.2,6686.3,6686.0,9111.0,9109.5,9109.8,5525.8,5524.8,5526.3,7857.0,7855.4,7856.3,6457.8,6456.7,6458.6,1963.2,1962.1,1961.7,3912.0,3912.3,3912.7,2782.8,2781.7,2782.0,3045.9,3045.4,3045.4,26.020000,28.750000,going to desks 9 10 11
2024-04-12T17:11:40Z,2516.7,2515.4,2516.0,2841.4,2841.0,2841.9,6035.2,6034.5,6034.5,2467.0,2466.9,2467.9,3735.5,3734.9,3735.6,4751.6,4751.2,4751.2,6684.5,6685.0,6683.4,9108.3,9108.3,9106.5,5525.1,5524.2,5525.4,7854.1,7853.4,7853.7,6457.0,6458.1,6457.6,1963.4,1961.9,1961.3,3912.1,3912.0,3913.3,2781.8,2781.2,2782.4,3045.4,3044.7,3044.6,26.040001,28.820000,going to desks 9 10 11
2024-04-12T17:11:45Z,2516.2,2515.9,2516.3,2841.8,2841.7,2841.2,6036.1,6034.9,6035.0,2466.5,2466.9,2467.3,3737.6,3736.2,3737.1,4751.2,4751.5,4751.5,6681.8,6682.9,6683.7,9113.2,9111.6,9112.9,5528.0,5526.7,5527.6,7857.9,7857.6,7857.9,6455.5,6455.2,6456.2,1962.8,1961.0,1961.2,3913.1,3913.1,3913.6,2782.4,2781.8,2781.9,3044.7,3044.7,3044.2,26.020000,28.950001,going to desks 9 10 11
2024-04-12T17:11:50Z,2517.2,2516.3,2516.3,2840.5,2840.5,2841.3,6035.9,6035.0,6035.8,2467.2,2467.4,2467.9,3736.2,3736.1,3735.7,4750.7,4750.7,4750.6,6685.4,6684.9,6684.9,9109.5,9110.8,9111.1,5527.0,5524.9,5526.3,7856.9,7857.1,7858.3,6458.3,6459.2,6457.3,1962.8,1961.5,1961.3,3913.3,3913.2,3913.7,2782.8,2781.9,2781.9,3044.1,3043.8,3044.2,26.040001,28.980000,going to desks 9 10 11
2024-04-12T17:11:55Z,2517.5,2516.2,2517.5,2840.9,2840.7,2840.7,6035.5,6035.1,6035.2,2465.9,2465.6,2466.3,3736.8,3734.9,3735.5,4750.6,4750.2,4750.4,6684.0,6683.5,6682.8,9111.8,9109.7,9112.4,5527.3,5526.7,5527.1,7856.5,7855.2,7855.5,6457.7,6458.2,6457.8,1962.4,1961.8,1961.5,3913.4,3913.6,3914.3,2781.9,2781.1,2781.2,3043.7,3043.8,3043.2,26.020000,28.990000,going to desks 9 10 11
2024-04-12T17:12:00Z,2516.9,2517.2,2517.4,2840.1,2840.2,2841.1,6036.0,6035.0,6035.2,2467.0,2466.8,2466.9,3737.5,3737.1,3737.2,4750.0,4749.9,4749.8,6685.7,6685.3,6683.5,9111.5,9110.6,9111.1,5524.9,5524.6,5526.4,7854.4,7852.2,7853.1,6454.1,6456.0,6455.7,1963.2,1962.1,1962.0,3913.1,3912.9,3913.6,2783.1,2782.3,2783.0,3044.1,3042.9,3043.1,26.010000,28.920000,going to desks 9 10 11
2024-04-12T17:12:05Z,2517.4,2516.1,2516.2,2840.9,2841.2,2841.6,6035.8,6035.3,6035.3,2466.3,2466.4,2467.0,3736.2,3736.4,3736.1,4750.5,4750.2,4750.4,6684.7,6682.9,6683.7,9111.4,9111.8,9111.2,5524.8,5524.8,5525.2,7856.8,7855.4,7857.0,6458.4,6457.9,6459.0,1962.7,1961.7,1960.8,3912.0,3912.5,3913.2,2782.8,2782.0,2782.3,3043.5,3043.0,3043.2,26.040001,28.950001,going to kristen caroline 15
2024-04-12T17:12:10Z,2517.6,2516.4,2516.8,2841.3,2841.0,2841.9,6035.6,6035.5,6035.3,2466.5,2465.7,2466.8,3735.7,3735.6,3736.0,4750.8,4750.9,4749.9,6684.6,6683.8,6685.1,9108.9,9109.1,9109.3,5526.1,5525.8,5525.9,7856.0,7854.7,7855.0,6457.0,6455.3,6457.4,1962.5,1960.9,1960.8,3911.9,3912.6,3913.3,2782.4,2782.2,2782.1,3042.9,3043.0,3043.0,26.040001,29.030001,going to kristen caroline 15
2024-04-12T17:12:15Z,2517.4,2516.7,2517.0,2840.0,2839.7,2840.1,6035.0,6034.9,6034.9,2466.7,2466.7,2467.4,3736.9,3736.9,3736.3,4749.8,4749.3,4749.7,6681.2,6682.5,6684.6,9115.0,9112.1,9112.4,5525.5,5524.4,5524.5,7855.6,7856.9,7857.6,6455.4,6456.0,6456.8,1962.4,1960.7,1960.9,3912.1,3912.8,3912.9,2782.2,2781.4,2782.1,3045.1,3044.3,3044.8,26.040001,29.010000,going to kristen caroline 15
2024-04-12T17:12:20Z,2518.2,2517.7,2517.4,2840.3,2840.5,2840.7,6034.9,6034.6,6034.2,2465.8,2465.8,2466.1,3736.7,3736.9,3735.8,4749.2,4749.7,4750.0,6682.4,6681.9,6682.0,9114.0,9115.2,9114.4,5525.5,5525.9,5525.9,7856.4,7854.5,7854.2,6456.8,6455.5,6456.7,1963.1,1962.3,1962.0,3911.5,3912.2,3912.7,2783.7,2783.0,2782.3,3042.7,3043.0,3044.0,26.040001,28.990000,going to kristen caroline 15
2024-04-12T17:12:25Z,2517.6,2516.8,2516.8,2840.0,2839.8,2839.8,6034.1,6033.8,6034.0,2466.0,2466.2,2467.1,3736.2,3736.9,3737.0,4749.3,4749.7,4750.1,6682.2,6682.2,6681.8,9110.9,9107.7,9109.5,5525.9,5524.4,5524.5,7855.9,7855.7,7858.0,6456.8,6457.9,6457.9,1963.0,1961.2,1961.3,3912.0,3912.0,3912.8,2783.3,2782.5,2782.1,3044.5,3043.4,3044.3,26.040001,29.070000,going to kristen caroline 15
2024-04-12T17:12:30Z,2516.5,2515.4,2515.6,2840.3,2839.5,2840.5,6034.0,6033.8,6034.2,2465.8,2465.4,2466.5,3736.0,3736.2,3736.4,4749.3,4749.6,4749.2,6682.8,6681.9,6682.3,9108.6,9107.0,9107.3,5525.3,5525.6,5527.1,7855.6,7856.5,7854.2,6457.9,6457.6,6457.2,1962.8,1961.2,1961.4,3912.1,3912.4,3913.5,2783.2,2781.7,2781.7,3043.3,3042.8,3043.3,26.049999,28.969999,going to kristen caroline 15
2024-04-12T17:12:47Z,2516.3,2515.6,2515.8,2840.1,2840.1,2840.1,6034.2,6033.8,6033.8,2465.7,2465.7,2465.5,3735.8,3734.5,3735.1,4749.4,4749.1,4748.8,6678.8,6678.5,6679.6,9110.9,9108.2,9109.1,5525.2,5524.3,5525.3,7856.9,7854.6,7855.2,6457.0,6457.1,6456.6,1962.8,1961.4,1961.2,3911.4,3911.8,3912.5,2782.2,2781.1,2781.7,3044.7,3044.8,3045.5,26.049999,28.950001,going to desks 17 18 19
2024-04-12T17:12:52Z,2515.3,2514.3,2514.7,2839.6,2839.8,2840.4,6034.0,6033.8,6033.5,2465.8,2465.5,2466.0,3736.1,3735.7,3735.9,4749.4,4748.8,4749.3,6680.7,6679.8,6679.9,9111.0,9111.4,9112.0,5524.3,5524.3,5525.1,7856.9,7856.6,7856.7,6455.0,6455.0,6456.8,1962.4,1961.4,1961.2,3911.5,3911.6,3912.7,2781.7,2780.7,2780.0,3044.8,3044.7,3045.4,26.049999,28.959999,going to desks 17 18 19
2024-04-12T17:12:57Z,2514.7,2514.2,2514.4,2840.6,2839.6,2839.8,6033.0,6032.7,6032.6,2466.1,2465.9,2466.4,3736.0,3735.7,3735.5,4749.2,4748.9,4748.6,6679.9,6680.0,6679.0,9109.7,9109.3,9108.0,5524.0,5523.6,5525.0,7855.1,7855.2,7854.7,6457.1,6457.4,6456.1,1962.7,1961.0,1960.9,3910.9,3910.9,3911.8,2781.2,2780.4,2780.7,3045.5,3044.9,3045.4,26.059999,28.920000,going to desks 17 18 19
2024-04-12T17:13:02Z,2515.5,2514.3,2514.5,2840.3,2840.6,2841.0,6032.8,6032.8,6032.3,2464.9,2464.7,2465.1,3735.5,3735.6,3734.8,4748.4,4748.5,4748.8,6680.3,6679.7,6681.2,9111.4,9113.0,9112.3,5524.6,5524.2,5525.1,7854.9,7853.5,7851.5,6456.0,6456.6,6457.6,1962.4,1961.3,1961.3,3911.2,3911.5,3913.0,2782.0,2780.9,2780.8,3045.9,3045.2,3045.9,26.049999,28.969999,going to desks 17 18 19
2024-04-12T17:13:18Z,2515.1,2514.2,2514.2,2838.8,2839.4,2839.3,6032.5,6032.4,6032.0,2465.3,2465.0,2465.1,3735.6,3735.1,3735.0,4747.8,4747.7,4747.9,6677.7,6677.8,6677.6,9111.3,9113.2,9111.4,5523.6,5522.8,5523.2,7854.9,7852.1,7852.5,6452.9,6452.8,6453.4,1962.5,1961.4,1961.2,3910.4,3910.8,3911.1,2780.6,2780.4,2781.4,3044.5,3044.5,3045.3,26.049999,28.950001,going to annotation station
2024-04-12T17:13:23Z,2514.7,2514.0,2514.6,2839.8,2839.5,2839.9,6032.5,6031.5,6032.2,2464.9,2465.0,2465.7,3734.3,3734.4,3734.4,4747.0,4746.9,4747.2,6678.6,6679.3,6679.6,9109.6,9110.8,9110.2,5524.1,5522.7,5524.5,7854.3,7853.4,7853.6,6453.5,6451.3,6451.4,1962.8,1961.6,1961.8,3910.6,3910.0,3911.0,2780.8,2780.2,2780.9,3044.7,3043.4,3044.5,26.049999,28.950001,going to annotation station
2024-04-12T17:13:28Z,2514.3,2513.5,2513.8,2839.5,2839.7,2839.9,6031.5,6032.5,6031.1,2464.6,2464.1,2465.0,3735.1,3734.5,3735.0,4747.4,4747.5,4747.4,6682.9,6680.0,6680.4,9109.1,9108.9,9109.1,5522.8,5522.5,5523.1,7852.8,7851.5,7852.9,6452.7,6449.8,6453.1,1962.6,1961.3,1960.6,3910.3,3910.8,3911.2,2779.9,2780.2,2779.5,3043.0,3042.8,3043.0,26.049999,28.950001,going to annotation station
2024-04-12T17:13:33Z,2514.9,2514.1,2514.2,2839.0,2838.6,2838.9,6031.9,6031.2,6031.1,2464.2,2464.0,2464.8,3734.8,3734.7,3734.8,4747.7,4746.8,4747.2,6680.4,6679.6,6681.9,9109.6,9106.0,9109.4,5524.2,5524.4,5524.3,7851.3,7851.6,7851.6,6450.6,6449.6,6452.2,1962.3,1960.7,1960.7,3910.0,3910.4,3910.7,2780.6,2779.8,2779.9,3044.2,3043.3,3043.7,26.059999,28.920000,going to annotation station
2024-04-12T17:13:38Z,2514.0,2513.2,2513.5,2838.9,2838.8,2838.6,6031.3,6030.8,6030.8,2464.8,2464.3,2465.3,3735.0,3735.0,3734.2,4746.6,4746.7,4746.1,6679.5,6678.5,6679.6,9107.5,9107.2,9108.1,5522.7,5523.3,5524.3,7851.8,7852.8,7852.3,6451.8,6452.0,6452.0,1961.9,1960.7,1960.5,3911.0,3910.6,3911.5,2780.0,2779.0,2778.9,3044.4,3044.6,3044.4,26.049999,28.969999,going to annotation station
2024-04-12T17:13:43Z,2514.2,2513.2,2513.3,2839.1,2838.8,2838.8,6031.5,6030.7,6030.5,2464.6,2464.3,2464.5,3734.8,3733.6,3733.3,4746.2,4746.6,4746.4,6676.8,6675.6,6677.0,9105.6,9105.9,9109.1,5521.4,5521.3,5521.9,7853.6,7853.4,7853.1,6453.8,6453.1,6454.1,1962.4,1960.5,1960.5,3911.4,3911.0,3912.5,2781.2,2780.3,2780.3,3043.9,3044.1,3043.8,26.049999,28.980000,going to annotation station
2024-04-12T17:13:48Z,2514.1,2513.2,2514.0,2838.6,2839.0,2838.9,6031.2,6030.8,6031.1,2464.9,2465.4,2465.2,3734.6,3734.2,3734.4,4745.9,4746.4,4746.5,6675.5,6676.8,6677.0,9104.9,9108.6,9102.7,5524.4,5523.0,5524.1,7854.2,7853.1,7853.4,6452.1,6452.5,6452.8,1962.7,1961.2,1961.3,3911.0,3911.0,3911.9,2781.0,2780.4,2780.8,3043.9,3043.3,3043.8,26.059999,28.990000,going to annotation station
2024-04-12T17:13:58Z,2513.6,2513.2,2513.9,2839.0,2838.9,2838.7,6031.0,6030.7,6030.7,2464.6,2464.8,2465.3,3733.8,3733.7,3733.8,4746.3,4746.0,4746.0,6673.7,6674.3,6674.2,9104.6,9105.2,9104.4,5523.6,5523.3,5524.2,7853.1,7853.1,7852.8,6452.2,6452.5,6453.1,1961.4,1960.0,1960.0,3909.7,3910.3,3910.8,2780.6,2780.0,2779.8,3045.3,3044.1,3044.0,26.059999,29.059999,going to annotation station
2024-04-12T17:14:03Z,2514.2,2513.3,2513.7,2839.1,2838.7,2839.6,6031.1,6030.2,6030.6,2464.6,2464.7,2465.0,3734.2,3734.2,3733.2,4746.2,4745.7,4746.1,6677.2,6675.9,6677.3,9109.9,9105.1,9107.5,5524.6,5524.2,5524.3,7856.6,7856.0,7854.8,6453.3,6452.4,6452.8,1961.8,1960.7,1960.2,3910.1,3910.3,3911.0,2779.4,2779.1,2779.3,3045.2,3044.7,3045.1,26.059999,29.110001,going to annotation station
2024-04-12T17:14:08Z,2514.0,2513.2,2513.5,2838.5,2838.7,2839.1,6030.9,6030.1,6030.5,2464.0,2464.3,2464.2,3734.3,3733.5,3734.1,4746.1,4745.6,4745.4,6677.3,6675.4,6676.2,9104.2,9105.6,9106.1,5523.4,5523.9,5524.7,7857.8,7856.2,7857.4,6453.0,6455.4,6454.4,1962.5,1960.7,1960.1,3910.6,3910.5,3911.1,2780.3,2779.9,2779.5,3044.6,3046.1,3044.5,26.059999,29.090000,going to annotation station
2024-04-12T17:14:13Z,2513.3,2513.0,2513.6,2837.4,2837.7,2838.6,6031.1,6030.7,6030.4,2463.4,2464.0,2464.3,3734.2,3733.8,3733.5,4746.2,4746.3,4746.3,6679.0,6678.1,6679.2,9102.0,9102.8,9103.1,5523.6,5524.5,5524.0,7854.5,7852.3,7852.5,6453.6,6451.6,6453.6,1962.0,1960.6,1960.8,3909.9,3910.2,3911.3,2780.2,2779.7,2779.6,3045.8,3044.8,3044.9,26.080000,29.059999,going to annotation station
2024-04-12T17:14:18Z,2515.0,2514.3,2514.2,2838.3,2838.3,2838.6,6031.8,6031.2,6031.0,2464.5,2464.9,2465.2,3735.3,3735.3,3734.7,4746.1,4746.2,4746.3,6674.5,6675.2,6675.0,9100.2,9102.1,9102.4,5524.5,5523.5,5523.3,7855.6,7856.0,7854.8,6451.7,6452.7,6451.6,1961.6,1960.2,1960.3,3910.2,3910.4,3911.1,2780.5,2780.1,2780.4,3045.4,3045.4,3045.6,26.059999,29.129999,going to annotation station
2024-04-12T17:14:23Z,2514.4,2514.2,2514.3,2838.1,2838.0,2838.1,6031.7,6030.8,6031.5,2464.7,2464.7,2464.7,3735.3,3734.3,3734.2,4746.3,4746.2,4746.3,6675.2,6674.8,6675.6,9101.7,9102.0,9102.7,5523.5,5522.3,5523.5,7854.3,7854.5,7853.9,6454.0,6452.3,6453.8,1961.9,1960.5,1960.7,3909.8,3909.5,3910.6,2780.5,2779.6,2779.2,3044.3,3044.0,3044.3,26.049999,29.120001,going to annotation station
2024-04-12T17:14:28Z,2514.4,2513.7,2513.9,2838.6,2838.6,2838.4,6030.9,6030.4,6030.3,2464.4,2464.4,2464.4,3734.7,3734.3,3734.6,4745.0,4745.5,4745.6,6676.7,6676.8,6676.6,9104.7,9103.8,9104.9,5525.3,5525.2,5525.1,7855.9,7854.5,7853.9,6453.5,6455.1,6453.9,1962.3,1960.9,1960.6,3910.0,3909.7,3911.0,2780.5,2779.8,2779.0,3044.1,3043.6,3043.8,26.110001,29.100000,going to annotation station
2024-04-12T17:14:33Z,2514.0,2513.3,2513.1,2838.5,2838.2,2838.5,6031.4,6030.9,6031.7,2465.0,2464.0,2465.5,3734.5,3733.7,3734.0,4746.5,4746.0,4746.4,6678.7,6679.0,6679.3,9101.4,9100.6,9105.3,5524.3,5523.9,5525.1,7854.3,7854.5,7854.8,6454.7,6456.7,6454.4,1961.8,1960.8,1960.9,3911.1,3911.2,3911.6,2779.7,2778.9,2779.1,3042.3,3042.4,3042.0,26.080000,29.120001,going to annotation station
2024-04-12T17:14:38Z,2514.2,2513.6,2514.0,2837.8,2838.0,2838.3,6032.2,6032.1,6031.4,2464.6,2464.1,2464.1,3733.9,3733.7,3733.6,4745.8,4745.9,4746.2,6673.3,6674.6,6676.2,9104.2,9104.1,9104.1,5524.1,5524.0,5524.2,7857.1,7855.7,7853.8,6456.2,6455.0,6453.6,1962.1,1960.6,1961.0,3910.6,3910.7,3911.6,2780.1,2779.3,2779.5,3043.6,3043.4,3044.3,26.080000,29.059999,going to annotation station
2024-04-12T17:14:43Z,2513.9,2513.3,2513.4,2838.2,2838.3,2838.0,6030.8,6030.2,6030.7,2463.8,2464.2,2464.8,3734.3,3734.5,3734.1,4745.8,4746.1,4745.8,6675.6,6676.5,6675.9,9104.6,9104.5,9102.7,5525.2,5524.6,5523.8,7855.8,7853.8,7855.7,6454.1,6454.2,6454.8,1961.7,1960.1,1960.1,3911.4,3911.5,3913.1,2779.7,2778.8,2779.0,3043.7,3043.1,3043.4,26.090000,29.049999,going to annotation station
2024-04-12T17:14:48Z,2513.4,2512.6,2513.1,2839.2,2839.0,2838.7,6031.1,6031.1,6031.4,2464.9,2464.8,2465.4,3734.5,3733.9,3733.7,4745.8,4745.9,4745.9,6676.2,6674.8,6675.3,9106.3,9104.6,9103.1,5524.9,5525.4,5525.1,7857.8,7856.2,7856.1,6452.6,6452.2,6452.5,1962.2,1960.4,1960.1,3910.2,3910.0,3911.1,2780.7,2779.8,2779.9,3042.3,3041.8,3042.1,26.110001,29.059999,going to annotation station
2024-04-12T17:14:53Z,2514.0,2513.0,2513.1,2837.7,2837.6,2838.0,6030.6,6030.5,6030.9,2464.6,2464.5,2464.8,3734.3,3733.8,3734.3,4745.7,4745.3,4745.2,6674.6,6675.6,6674.4,9104.2,9104.1,9102.5,5523.4,5523.5,5523.6,7856.9,7855.0,7853.3,6451.4,6452.3,6451.4,1962.0,1961.1,1961.5,3911.1,3911.0,3912.0,2780.6,2780.0,2780.0,3043.0,3041.0,3041.8,26.090000,29.100000,going to annotation station
2024-04-12T17:14:58Z,2514.3,2513.7,2513.9,2838.2,2837.6,2838.5,6030.4,6030.4,6030.8,2465.4,2465.4,2465.9,3735.4,3734.7,3734.6,4745.8,4745.8,4745.8,6677.0,6675.3,6678.1,9107.6,9105.0,9105.4,5523.0,5521.8,5523.3,7855.8,7853.0,7854.4,6451.5,6451.6,6452.9,1962.1,1960.4,1960.4,3910.6,3910.3,3911.1,2780.2,2779.1,2779.4,3042.2,3042.2,3042.3,26.090000,29.090000,going to annotation station
2024-04-12T17:15:03Z,2512.9,2512.1,2513.0,2838.3,2838.5,2838.9,6031.2,6030.5,6030.9,2464.3,2464.6,2465.0,3734.4,3733.6,3733.5,4745.9,4745.6,4745.3,6673.7,6675.0,6676.7,9105.3,9107.4,9106.7,5524.0,5522.5,5524.4,7858.0,7856.4,7857.3,6452.3,6453.0,6454.6,1961.8,1960.0,1960.4,3910.3,3910.3,3911.4,2781.4,2780.4,2780.2,3044.3,3043.7,3043.6,26.110001,29.100000,going to annotation station
2024-04-12T17:15:08Z,2513.5,2512.9,2513.3,2838.2,2837.7,2838.4,6031.5,6030.9,6030.7,2464.3,2464.3,2464.7,3735.5,3735.0,3734.4,4746.3,4746.1,4745.7,6675.1,6676.7,6676.5,9102.8,9101.6,9100.9,5522.0,5521.9,5522.7,7858.9,7857.7,7855.8,6449.5,6449.1,6450.5,1962.4,1960.2,1960.0,3910.8,3911.4,3912.0,2780.9,2779.3,2779.9,3044.3,3043.1,3043.0,26.090000,29.090000,going to annotation station
2024-04-12T17:15:13Z,2513.0,2512.7,2512.5,2838.1,2838.1,2838.8,6031.5,6030.9,6031.6,2464.6,2464.5,2465.3,3734.7,3734.0,3733.9,4746.1,4746.0,4746.2,6674.1,6672.7,6673.4,9108.7,9103.4,9104.3,5523.5,5521.9,5522.5,7859.9,7858.9,7857.4,6452.0,6452.5,6453.0,1961.9,1960.5,1960.2,3911.5,3911.4,3912.2,2781.0,2780.9,2780.7,3042.5,3042.9,3043.4,26.120001,29.129999,going to annotation station
2024-04-12T17:15:18Z,2513.6,2512.9,2512.9,2838.1,2837.7,2838.3,6031.3,6030.7,6030.9,2463.5,2463.3,2463.8,3735.2,3734.7,3734.5,4746.3,4745.0,4745.5,6673.6,6673.1,6673.8,9105.0,9106.2,9107.5,5522.5,5522.0,5523.2,7856.7,7854.7,7855.0,6453.4,6453.5,6449.7,1962.4,1960.7,1960.0,3911.1,3911.8,3912.4,2780.8,2780.0,2780.1,3043.4,3041.7,3042.4,26.090000,29.139999,going to annotation station
2024-04-12T17:15:23Z,2514.1,2512.9,2513.2,2837.8,2837.5,2837.7,6031.7,6030.9,6030.8,2463.7,2465.2,2465.5,3735.2,3735.1,3735.3,4746.3,4746.4,4746.0,6671.2,6670.2,6671.9,9108.1,9108.0,9110.2,5523.6,5522.6,5525.0,7855.6,7855.1,7854.0,6454.9,6453.7,6455.9,1962.3,1960.2,1960.2,3911.8,3911.6,3911.9,2780.9,2779.4,2779.1,3041.9,3040.7,3041.1,26.139999,29.120001,going to annotation station
2024-04-12T17:15:28Z,2514.4,2513.9,2514.3,2837.7,2837.7,2838.2,6030.9,6030.4,6030.9,2464.2,2464.6,2464.5,3734.9,3734.2,3733.9,4745.9,4745.7,4745.9,6669.4,6668.4,6669.2,9105.4,9104.6,9105.4,5523.4,5523.8,5524.2,7857.3,7857.2,7856.4,6454.9,6454.8,6453.8,1961.6,1959.7,1959.7,3911.6,3911.9,3912.2,2780.7,2779.8,2780.2,3042.1,3041.5,3042.7,26.150000,29.129999,going to annotation station
2024-04-12T17:15:33Z,2513.5,2513.1,2513.2,2838.1,2837.6,2837.8,6031.8,6031.4,6031.7,2464.7,2464.0,2465.1,3734.5,3733.7,3733.9,4745.8,4745.9,4745.6,6672.4,6671.5,6672.5,9108.1,9106.8,9105.8,5524.3,5524.6,5524.4,7858.4,7856.6,7855.7,6454.0,6451.0,6454.2,1961.7,1960.0,1960.0,3912.0,3910.8,3912.0,2780.1,2779.7,2779.1,3042.5,3041.2,3042.4,26.150000,29.160000,going to annotation station
2024-04-12T17:15:38Z,2513.7,2513.1,2513.4,2837.5,2837.3,2838.0,6031.5,6031.6,6030.9,2464.6,2464.5,2465.2,3734.0,3733.9,3733.6,4745.7,4745.7,4745.8,6674.6,6672.3,6674.0,9106.3,9103.2,9104.3,5524.6,5523.4,5524.9,7856.9,7856.1,7856.6,6455.0,6451.6,6452.1,1961.5,1960.2,1960.2,3911.2,3910.9,3912.0,2780.1,2778.8,2779.3,3043.7,3044.4,3045.0,26.110001,29.120001,going to annotation station
2024-04-12T17:15:43Z,2514.4,2513.4,2513.8,2838.5,2837.8,2838.6,6031.1,6031.3,6031.4,2463.7,2463.8,2464.3,3734.4,3733.7,3733.6,4745.5,4745.2,4745.3,6676.8,6676.4,6674.7,9104.1,9103.7,9102.3,5524.2,5523.6,5524.5,7857.2,7856.1,7856.1,6452.3,6451.2,6451.9,1961.8,1960.1,1960.2,3910.1,3910.6,3911.8,2779.2,2778.6,2779.1,3043.1,3042.4,3043.4,26.139999,29.090000,going to annotation station
2024-04-12T17:15:47Z,2513.3,2513.1,2513.3,2838.6,2838.4,2838.8,6031.3,6031.4,6031.1,2464.2,2464.1,2464.6,3733.0,3732.6,3733.1,4746.1,4746.1,4745.4,6676.5,6675.2,6674.8,9106.1,9106.9,9104.8,5523.2,5523.3,5524.2,7859.1,7857.9,7857.5,6453.9,6452.5,6454.2,1961.3,1960.0,1960.2,3910.8,3910.9,3911.9,2779.5,2779.5,2779.7,3043.5,3043.0,3044.1,26.120001,29.100000,annotation station
2024-04-12T17:16:04Z,2513.0,2512.7,2512.9,2838.1,2838.0,2838.0,6030.8,6029.7,6030.1,2463.3,2462.9,2463.6,3734.2,3733.2,3733.2,4745.2,4745.4,4745.0,6675.4,6674.8,6673.9,9102.0,9102.3,9101.3,5521.9,5522.5,5523.8,7855.4,7855.0,7855.1,6452.8,6450.9,6450.2,1961.6,1960.1,1960.3,3911.5,3911.3,3912.0,2780.4,2779.6,2779.3,3041.9,3042.6,3042.6,26.150000,29.090000,going to vidya
2024-04-12T17:16:09Z,2512.9,2512.5,2512.8,2837.2,2837.3,2837.6,6031.3,6031.3,6030.8,2464.0,2464.0,2464.4,3733.8,3734.0,3733.6,4745.2,4745.1,4745.5,6673.6,6672.6,6673.7,9102.5,9100.7,9101.5,5522.9,5522.1,5522.0,7857.7,7855.9,7855.4,6450.5,6449.6,6450.6,1961.8,1960.1,1960.4,3910.9,3910.8,3911.2,2780.7,2780.0,2780.0,3042.5,3041.0,3041.7,26.170000,29.110001,going to vidya
2024-04-12T17:16:14Z,2512.9,2512.6,2512.9,2837.8,2837.9,2837.9,6030.5,6030.2,6030.5,2463.5,2464.1,2464.3,3733.5,3733.6,3733.1,4744.9,4744.6,4745.0,6672.9,6671.8,6672.9,9102.9,9102.9,9104.4,5522.9,5523.0,5522.7,7854.5,7854.5,7856.3,6453.0,6452.4,6451.1,1962.4,1960.4,1960.5,3910.8,3910.9,3911.4,2780.7,2779.2,2780.0,3042.8,3042.1,3042.5,26.170000,29.080000,going to vidya
2024-04-12T17:16:19Z,2513.0,2511.9,2512.3,2836.6,2836.6,2836.7,6030.9,6030.3,6030.7,2464.4,2463.8,2464.7,3733.5,3733.4,3733.7,4744.6,4744.5,4744.6,6675.0,6675.0,6674.3,9101.9,9102.5,9101.6,5522.1,5521.4,5523.3,7856.2,7852.7,7855.7,6454.2,6452.2,6454.6,1961.7,1960.5,1960.5,3910.7,3910.4,3911.4,2780.9,2780.0,2779.9,3043.0,3042.8,3043.0,26.150000,29.170000,going to vidya
2024-04-12T17:16:24Z,2513.0,2512.5,2512.8,2837.5,2837.0,2837.2,6030.9,6030.8,6030.0,2463.8,2463.4,2463.9,3734.0,3732.6,3734.1,4744.0,4744.1,4744.0,6674.1,6673.2,6675.7,9097.8,9100.5,9099.0,5522.7,5522.0,5522.9,7859.0,7856.5,7858.6,6453.9,6454.0,6454.3,1961.9,1960.6,1960.7,3910.7,3911.2,3912.1,2780.9,2780.3,2779.5,3043.2,3042.7,3043.0,26.190001,29.129999,going to vidya
2024-04-12T17:16:29Z,2513.3,2512.8,2512.7,2837.3,2836.7,2837.4,6030.1,6030.2,6029.7,2464.7,2464.8,2464.9,3733.3,3733.8,3733.1,4744.6,4744.4,4744.8,6671.1,6671.1,6671.2,9102.6,9102.9,9104.3,5522.7,5522.9,5522.9,7858.3,7857.0,7856.8,6452.6,6451.3,6451.8,1961.8,1960.2,1960.1,3910.7,3910.5,3912.0,2780.2,2778.7,2778.7,3044.4,3044.1,3044.0,26.190001,29.129999,going to vidya
2024-04-12T17:16:34Z,2514.2,2514.2,2514.4,2837.5,2837.4,2838.0,6030.8,6030.1,6030.3,2464.4,2463.7,2464.2,3733.5,3733.8,3732.7,4744.6,4744.4,4744.3,6671.5,6671.1,6673.2,9099.0,9103.7,9101.7,5522.3,5521.6,5522.6,7855.1,7855.6,7854.7,6451.3,6450.9,6450.6,1961.9,1960.3,1960.5,3910.8,3910.3,3911.3,2780.0,2779.8,2779.4,3041.5,3042.4,3041.8,26.190001,29.190001,going to aaron mahmut noah
2024-04-12T17:16:39Z,2514.6,2513.3,2513.6,2837.2,2837.3,2837.6,6030.9,6030.3,6030.7,2464.7,2464.4,2463.9,3734.1,3733.8,3733.8,4744.6,4744.6,4744.4,6670.5,6671.6,6672.6,9099.8,9098.9,9098.9,5521.4,5521.8,5522.8,7856.6,7855.0,7856.1,6452.4,6450.8,6451.7,1962.1,1960.9,1960.4,3910.9,3910.9,3911.8,2779.7,2778.7,2779.2,3042.2,3042.6,3042.9,26.180000,29.170000,going to aaron mahmut noah
2024-04-12T17:16:44Z,2511.9,2511.8,2512.0,2836.7,2837.0,2837.7,6030.2,6029.7,6030.3,2464.1,2464.1,2464.7,3733.3,3733.5,3733.3,4744.2,4744.1,4744.5,6673.8,6673.8,6673.9,9099.9,9099.2,9100.2,5520.9,5521.1,5522.8,7857.0,7856.5,7855.1,6451.0,6450.3,6452.5,1962.1,1960.8,1960.2,3910.7,3910.7,3911.5,2779.4,2778.6,2779.0,3044.3,3043.4,3043.8,26.209999,29.180000,going to aaron mahmut noah
2024-04-12T17:16:49Z,2512.5,2511.9,2512.0,2837.6,2837.3,2837.6,6030.1,6029.7,6029.4,2464.6,2465.0,2464.9,3733.6,3733.9,3733.3,4743.6,4743.5,4743.5,6672.7,6671.1,6670.8,9098.8,9097.6,9099.1,5522.2,5521.4,5522.0,7856.4,7854.5,7855.5,6452.5,6451.5,6452.4,1961.6,1960.6,1960.0,3910.9,3911.1,3911.8,2779.7,2778.9,2778.8,3043.1,3042.0,3042.1,26.209999,29.250000,going to aaron mahmut noah
2024-04-12T17:16:54Z,2512.5,2512.1,2512.5,2837.1,2837.1,2837.5,6030.0,6029.9,6030.0,2464.6,2464.4,2464.6,3734.0,3733.7,3733.6,4744.5,4744.6,4744.9,6669.8,6670.3,6671.1,9099.9,9098.1,9100.6,5522.6,5521.4,5522.6,7856.5,7856.7,7856.7,6453.8,6452.7,6452.1,1962.2,1960.7,1960.4,3910.0,3910.2,3911.4,2779.6,2778.7,2778.6,3043.2,3042.2,3042.7,26.190001,29.110001,going to aaron mahmut noah
2024-04-12T17:16:59Z,2512.6,2511.9,2512.6,2837.4,2836.9,2837.5,6029.9,6029.9,6030.0,2464.5,2464.7,2465.1,3733.9,3733.7,3732.6,4742.9,4743.2,4742.9,6671.3,6672.3,6671.8,9100.7,9100.4,9099.8,5521.0,5520.9,5522.5,7853.5,7854.9,7854.1,6452.2,6451.6,6452.1,1962.0,1960.8,1960.7,3909.9,3909.9,3910.7,2779.5,2778.8,2778.4,3043.9,3044.3,3043.8,26.240000,29.070000,going to desks 33 34 35
2024-04-12T17:17:04Z,2512.2,2511.8,2511.7,2837.4,2837.3,2837.8,6029.6,6029.6,6029.1,2463.9,2463.4,2464.4,3733.1,3732.2,3732.4,4744.0,4744.1,4743.9,6671.4,6670.1,6670.1,9101.6,9098.6,9102.0,5522.7,5521.5,5522.3,7856.0,7856.4,7855.9,6452.7,6452.9,6454.0,1962.2,1960.7,1960.9,3910.6,3910.3,3910.9,2780.1,2779.4,2779.6,3043.0,3041.8,3042.1,26.209999,29.120001,going to desks 33 34 35
2024-04-12T17:17:09Z,2512.4,2511.8,2512.1,2837.1,2836.5,2837.4,6029.5,6029.1,6029.3,2463.8,2464.1,2464.3,3733.0,3732.8,3732.8,4743.5,4743.6,4743.5,6670.5,6672.0,6673.1,9098.6,9097.1,9096.5,5521.7,5520.9,5521.4,7855.3,7857.7,7856.7,6450.2,6449.8,6447.9,1961.9,1960.1,1960.4,3911.9,3910.6,3911.7,2779.9,2779.2,2779.6,3042.0,3042.1,3042.4,26.240000,29.100000,going to desks 33 34 35
2024-04-12T17:17:14Z,2512.3,2511.7,2512.0,2837.3,2836.6,2837.2,6029.9,6029.5,6029.5,2463.5,2463.6,2464.2,3733.3,3732.5,3732.7,4742.8,4742.8,4742.5,6672.0,6671.7,6670.8,9098.4,9095.9,9101.4,5521.8,5521.4,5522.9,7856.4,7855.6,7854.7,6451.2,6452.4,6450.5,1962.0,1960.5,1960.3,3910.2,3909.9,3911.0,2780.2,2779.5,2779.8,3042.3,3041.5,3041.5,26.219999,29.080000,going to desks 33 34 35
2024-04-12T17:17:19Z,2513.1,2512.5,2512.9,2836.4,2837.0,2837.3,6029.8,6029.4,6029.5,2463.3,2463.3,2463.3,3732.8,3732.2,3732.5,4743.0,4743.4,4743.0,6672.3,6670.7,6671.8,9097.8,9099.4,9097.8,5520.6,5519.6,5520.2,7853.5,7853.7,7852.7,6449.7,6449.5,6449.5,1961.8,1960.6,1960.1,3909.6,3910.1,3910.4,2780.6,2779.5,2779.6,3042.2,3042.7,3042.4,26.240000,29.100000,going to mitchell vaiden lincoln
2024-04-12T17:17:24Z,2512.6,2511.9,2512.3,2836.7,2836.5,2837.0,6029.0,6029.8,6029.2,2462.8,2463.2,2463.1,3732.5,3732.9,3732.8,4743.4,4743.5,4743.3,6670.1,6670.1,6672.2,9097.3,9096.5,9097.3,5520.3,5521.4,5520.8,7855.8,7855.6,7855.4,6450.0,6448.4,6448.7,1962.1,1960.6,1960.4,3910.0,3909.3,3910.5,2780.5,2779.8,2779.6,3042.4,3042.2,3041.8,26.209999,29.150000,going to mitchell vaiden lincoln
2024-04-12T17:17:29Z,2512.8,2512.0,2512.5,2836.4,2836.5,2836.7,6029.0,6028.8,6028.9,2462.8,2463.0,2463.4,3733.3,3733.0,3733.2,4743.4,4742.9,4743.0,6672.8,6671.6,6671.5,9101.2,9098.8,9100.7,5520.9,5519.7,5519.5,7854.8,7853.6,7854.2,6444.0,6446.1,6446.9,1962.0,1960.5,1960.5,3910.3,3910.1,3910.6,2779.9,2779.4,2779.3,3041.5,3040.8,3041.1,26.219999,29.110001,going to mitchell vaiden lincoln
2024-04-12T17:17:34Z,2512.9,2512.0,2512.3,2836.9,2836.9,2837.1,6029.2,6028.4,6028.6,2463.0,2463.8,2463.6,3733.7,3734.0,3732.7,4743.9,4744.0,4743.2,6670.6,6669.1,6671.8,9101.4,9101.1,9100.1,5519.7,5518.3,5520.0,7855.3,7853.9,7854.8,6447.3,6448.7,6448.0,1961.6,1960.0,1960.1,3911.3,3911.3,3911.9,2780.0,2779.0,2779.2,3042.6,3042.2,3043.0,26.219999,29.120001,going to mitchell vaiden lincoln
2024-04-12T17:17:39Z,2512.8,2512.0,2513.0,2837.0,2836.5,2836.9,6028.9,6028.7,6028.5,2463.5,2463.3,2463.8,3733.1,3732.6,3732.2,4743.6,4742.9,4743.0,6671.9,6673.6,6672.5,9098.8,9098.4,9099.5,5520.2,5519.1,5520.4,7856.0,7854.9,7856.5,6448.5,6448.9,6448.7,1962.0,1960.7,1960.8,3910.7,3911.2,3911.7,2779.0,2778.8,2778.7,3042.8,3041.7,3042.1,26.219999,29.100000,going to bram and 46
2024-04-12T17:17:44Z,2512.6,2511.7,2512.0,2837.4,2836.7,2836.7,6029.2,6028.5,6029.0,2464.5,2464.1,2464.8,3732.9,3732.4,3732.0,4742.8,4743.0,4743.2,6672.7,6673.0,6672.5,9107.3,9101.1,9101.6,5520.4,5519.7,5519.8,7855.8,7854.0,7855.7,6450.2,6449.0,6450.4,1961.8,1960.7,1960.5,3911.4,3911.6,3912.6,2779.1,2778.3,2778.9,3043.1,3042.3,3043.3,26.260000,29.070000,going to bram and 46
2024-04-12T17:17:49Z,2512.4,2511.4,2511.9,2836.3,2836.3,2836.1,6028.6,6028.5,6028.1,2463.2,2463.0,2463.4,3733.2,3733.2,3732.8,4743.6,4743.3,4742.7,6671.4,6669.4,6668.7,9098.2,9100.0,9100.6,5521.3,5521.5,5521.4,7856.1,7854.2,7854.5,6449.0,6449.2,6447.7,1961.6,1960.3,1960.5,3911.2,3911.1,3912.2,2780.0,2779.0,2778.7,3042.9,3042.5,3043.2,26.250000,29.059999,going to bram and 46
2024-04-12T17:17:54Z,2513.3,2512.6,2512.5,2836.8,2836.9,2837.5,6028.8,6028.6,6028.3,2463.0,2463.0,2463.8,3733.0,3732.4,3731.8,4743.2,4742.5,4742.6,6669.6,6668.9,6669.8,9096.9,9096.6,9098.1,5520.9,5520.1,5521.2,7855.6,7854.7,7852.0,6450.3,6450.5,6451.3,1962.4,1961.1,1961.0,3910.9,3910.7,3911.2,2779.1,2778.6,2778.2,3043.7,3043.9,3043.8,26.260000,29.070000,going to bram and 46
2024-04-12T17:17:59Z,2511.7,2510.9,2511.7,2836.9,2836.6,2836.8,6028.8,6028.2,6029.4,2463.8,2463.2,2463.8,3733.2,3732.7,3731.8,4742.7,4742.5,4742.5,6671.3,6670.5,6671.6,9097.1,9098.1,9099.6,5520.8,5520.3,5520.8,7856.9,7854.6,7853.8,6450.2,6450.6,6451.6,1962.4,1961.3,1960.6,3911.5,3911.1,3912.5,2779.2,2778.7,2778.3,3043.8,3042.5,3043.4,26.280001,29.090000,going to 
2024-04-12T17:18:04Z,2513.2,2512.6,2512.9,2836.6,2836.6,2837.0,6028.8,6028.6,6028.6,2462.9,2463.0,2463.1,3733.9,3733.2,3732.8,4742.7,4742.7,4742.9,6671.8,6671.9,6671.5,9097.8,9097.7,9097.6,5519.9,5518.8,5521.4,7855.4,7856.0,7853.5,6448.8,6447.8,6449.8,1962.7,1961.4,1960.8,3911.4,3910.9,3912.2,2779.2,2778.3,2778.8,3042.4,3042.1,3041.9,26.250000,29.200001,going to bram and 46
2024-04-12T17:18:09Z,2513.3,2512.6,2512.5,2836.0,2836.2,2836.2,6029.1,6028.5,6028.2,2463.8,2463.4,2463.6,3733.8,3733.0,3733.0,4742.4,4742.5,4742.2,6667.5,6667.5,6668.6,9097.5,9098.6,9098.4,5519.6,5518.8,5520.0,7854.4,7854.8,7852.6,6447.6,6446.6,6446.9,1962.1,1960.7,1960.6,3910.7,3910.8,3912.5,2779.9,2779.4,2779.2,3041.3,3040.5,3041.6,26.260000,29.209999,going to bram and 46
2024-04-12T17:18:14Z,2513.1,2513.3,2513.2,2836.9,2836.7,2836.6,6028.5,6027.8,6027.7,2463.0,2463.1,2463.8,3732.1,3732.3,3732.4,4741.9,4741.7,4741.8,6667.9,6666.6,6668.6,9097.6,9097.7,9097.5,5520.2,5520.3,5521.1,7854.1,7853.0,7854.1,6448.2,6447.5,6446.9,1962.2,1960.2,1960.2,3911.3,3911.3,3912.3,2778.8,2779.1,2778.7,3043.2,3042.1,3042.6,26.320000,29.100000,going to bram and 46
2024-04-12T17:18:19Z,2512.5,2512.1,2512.4,2837.2,2836.1,2836.7,6028.6,6027.9,6028.2,2463.3,2463.7,2463.8,3733.0,3733.0,3732.2,4742.0,4741.8,4741.3,6667.9,6667.7,6666.6,9100.2,9100.2,9101.3,5521.5,5519.6,5521.3,7851.5,7853.7,7850.3,6448.5,6447.7,6450.3,1962.3,1961.2,1961.2,3911.8,3911.6,3913.0,2778.9,2778.1,2778.3,3042.1,3041.2,3041.4,26.280001,29.020000,going to bram and 46
2024-04-12T17:18:24Z,2512.8,2512.3,2512.0,2836.6,2836.6,2836.7,6030.0,6028.4,6028.6,2462.8,2462.9,2463.8,3732.6,3732.0,3732.1,4741.4,4741.9,4742.0,6668.9,6668.5,6670.5,9099.2,9098.0,9099.2,5519.9,5519.6,5520.6,7853.3,7854.6,7854.2,6449.2,6448.5,6447.6,1961.9,1961.0,1960.8,3910.6,3911.1,3911.9,2779.0,2778.2,2777.6,3041.9,3041.5,3041.4,26.320000,29.090000,going to bram and 46
2024-04-12T17:18:29Z,2513.0,2512.6,2512.5,2836.7,2836.5,2836.3,6028.9,6028.6,6028.7,2462.6,2462.5,2462.9,3733.0,3733.2,3731.8,4742.4,4742.3,4742.3,6673.7,6673.7,6673.4,9099.3,9099.5,9099.2,5520.2,5520.3,5521.3,7853.0,7851.5,7852.6,6448.3,6447.3,6446.2,1962.7,1961.4,1961.3,3911.1,3910.5,3911.8,2779.5,2778.8,2779.0,3043.5,3043.2,3043.3,26.290001,29.030001,going to bram and 46
2024-04-12T17:18:34Z,2513.1,2512.5,2512.7,2836.0,2836.4,2836.9,6028.7,6028.1,6028.4,2463.4,2462.9,2463.7,3733.1,3731.5,3732.5,4741.9,4742.1,4741.4,6668.1,6669.3,6670.2,9100.6,9099.1,9100.1,5518.3,5520.0,5520.3,7852.9,7852.0,7852.0,6449.2,6449.2,6448.3,1963.2,1961.5,1960.8,3910.2,3910.4,3910.9,2779.1,2778.3,2778.5,3042.7,3042.5,3042.4,26.309999,28.959999,going to bram and 46
2024-04-12T17:18:39Z,2513.0,2512.4,2512.7,2836.0,2835.6,2836.1,6028.7,6027.8,6028.2,2463.9,2463.5,2464.1,3732.7,3731.8,3731.7,4742.4,4742.2,4741.6,6671.3,6669.8,6670.3,9100.5,9097.2,9099.5,5519.8,5519.1,5520.2,7853.2,7851.5,7850.1,6448.1,6447.9,6448.6,1962.0,1960.6,1960.5,3910.4,3910.3,3911.7,2779.8,2778.6,2778.8,3043.1,3042.2,3042.9,26.290001,28.900000,going to bram and 46
2024-04-12T17:18:44Z,2512.5,2512.0,2512.2,2836.1,2836.0,2836.3,6029.9,6029.0,6028.9,2463.3,2463.2,2464.0,3732.5,3732.8,3732.2,4742.6,4742.9,4742.4,6671.3,6671.6,6671.3,9100.1,9100.3,9100.8,5520.8,5521.0,5522.2,7853.2,7851.8,7854.4,6449.6,6448.4,6449.2,1961.5,1960.3,1960.6,3910.8,3910.6,3911.6,2779.2,2778.1,2778.3,3043.7,3043.3,3044.2,26.290001,28.870001,going to bram and 46
2024-04-12T17:19:08Z,2513.2,2512.3,2512.4,2835.7,2835.2,2836.1,6029.5,6029.0,6029.3,2463.5,2463.7,2463.8,3731.9,3731.9,3731.4,4742.2,4742.2,4742.4,6670.9,6672.1,6671.9,9100.4,9102.4,9103.1,5520.5,5520.0,5521.0,7851.3,7849.7,7850.3,6448.3,6448.7,6450.2,1962.2,1960.8,1960.8,3910.1,3911.0,3911.7,2779.3,2778.3,2778.4,3043.2,3043.2,3042.9,26.330000,28.959999,going to desks 41 42 43
2024-04-12T17:19:13Z,2512.3,2512.0,2512.3,2836.0,2836.0,2836.2,6029.1,6028.7,6029.3,2463.5,2464.2,2464.6,3730.8,3730.2,3730.7,4742.1,4741.9,4741.5,6671.2,6671.5,6672.8,9102.2,9100.4,9100.9,5522.2,5521.0,5521.4,7851.6,7852.3,7851.3,6449.6,6450.5,6448.6,1962.3,1961.0,1960.8,3910.6,3910.5,3911.6,2779.6,2778.9,2779.4,3042.6,3042.1,3042.6,26.309999,28.930000,going to desks 41 42 43
2024-04-12T17:19:18Z,2512.9,2512.6,2512.4,2835.9,2835.9,2836.0,6029.0,6028.4,6028.2,2463.3,2463.2,2463.7,3730.9,3730.5,3730.9,4741.1,4741.2,4741.4,6668.8,6668.3,6667.7,9098.0,9099.1,9100.0,5521.6,5520.6,5521.8,7851.2,7854.4,7853.4,6448.5,6448.1,6449.2,1961.7,1960.0,1960.4,3910.3,3910.1,3910.7,2779.2,2778.2,2778.1,3042.5,3041.4,3042.1,26.309999,28.980000,going to desks 41 42 43
2024-04-12T17:19:21Z,2512.3,2511.8,2511.9,2834.4,2834.3,2835.3,6028.6,6027.6,6027.7,2462.6,2463.1,2463.1,3731.1,3730.9,3730.4,4741.2,4741.4,4740.9,6671.4,6673.0,6671.8,9101.5,9105.3,9101.1,5521.4,5520.6,5521.8,7851.5,7850.5,7851.5,6450.5,6447.5,6448.9,1961.1,1960.3,1960.2,3911.0,3911.4,3911.7,2779.1,2778.7,2778.8,3041.9,3042.1,3042.2,26.309999,28.940001,desks 41 42 43
2024-04-12T17:19:23Z,2511.7,2511.1,2511.2,2834.0,2834.5,2834.7,6029.1,6028.2,6028.4,2463.5,2463.6,2464.2,3732.0,3730.8,3731.0,4740.6,4740.6,4740.5,6670.4,6670.5,6671.6,9100.0,9100.2,9101.2,5521.0,5520.5,5521.7,7851.6,7849.0,7851.0,6450.0,6449.6,6450.2,1962.2,1960.7,1960.6,3910.7,3910.5,3911.7,2778.6,2778.8,2778.6,3041.0,3041.1,3040.9,26.280001,28.910000,desks 41 42 43
2024-04-12T17:19:25Z,2512.1,2511.3,2511.6,2835.0,2835.0,2835.5,6028.2,6028.0,6028.2,2463.3,2463.3,2464.5,3731.7,3731.4,3731.2,4740.6,4740.6,4741.1,6670.0,6670.6,6669.6,9099.0,9100.4,9098.7,5520.1,5520.1,5521.1,7854.1,7850.9,7853.0,6446.6,6448.7,6448.4,1961.7,1959.4,1959.9,3910.7,3910.2,3911.0,2779.1,2777.7,2779.0,3042.1,3041.4,3042.2,26.290001,28.930000,desks 41 42 43
2024-04-12T17:19:27Z,2512.0,2511.0,2510.7,2835.6,2835.8,2835.8,6028.5,6027.7,6028.0,2462.7,2462.8,2463.6,3730.9,3730.4,3730.7,4741.1,4740.5,4740.2,6673.5,6672.3,6673.8,9101.5,9101.2,9097.9,5520.4,5520.4,5520.8,7849.7,7850.5,7851.4,6448.7,6448.8,6449.2,1961.6,1959.8,1959.9,3911.1,3911.1,3912.0,2779.2,2778.9,2778.9,3042.9,3042.5,3042.5,26.290001,28.900000,desks 41 42 43
2024-04-12T17:19:29Z,2512.1,2512.6,2513.0,2835.5,2835.3,2835.6,6028.1,6027.9,6028.1,2463.7,2463.4,2464.0,3731.5,3731.9,3731.0,4741.2,4740.8,4741.1,6673.1,6670.6,6671.8,9102.2,9099.8,9099.7,5520.1,5520.4,5521.4,7851.7,7853.2,7850.8,6450.6,6449.6,6449.4,1961.1,1959.9,1959.4,3910.7,3910.2,3911.1,2779.0,2778.4,2779.0,3043.0,3041.9,3041.0,26.280001,28.920000,desks 41 42 43
2024-04-12T17:19:31Z,2512.5,2512.3,2512.2,2835.1,2834.6,2834.2,6028.1,6027.6,6028.0,2463.4,2463.2,2463.2,3732.1,3731.9,3731.7,4740.8,4740.2,4740.5,6671.0,6670.4,6671.7,9099.6,9097.0,9097.9,5519.6,5519.6,5521.2,7851.8,7850.2,7849.6,6447.6,6448.1,6449.1,1961.2,1959.7,1959.6,3910.8,3911.1,3911.9,2779.1,2778.4,2778.6,3042.4,3041.7,3043.0,26.320000,28.879999,desks 41 42 43
2024-04-12T17:19:33Z,2513.5,2513.5,2513.7,2835.0,2834.6,2835.0,6028.0,6027.7,6027.6,2462.7,2463.1,2463.6,3732.1,3731.1,3731.2,4740.7,4740.9,4740.7,6670.8,6670.4,6669.2,9102.3,9100.5,9099.9,5519.9,5519.8,5519.3,7850.4,7848.5,7848.3,6450.8,6451.7,6452.7,1961.3,1959.9,1959.7,3910.7,3911.2,3912.1,2779.3,2779.1,2778.9,3042.1,3042.1,3042.4,26.280001,28.910000,desks 41 42 43
2024-04-12T17:19:41Z,2512.5,2512.0,2512.0,2834.9,2834.9,2835.4,6028.1,6027.7,6027.4,2463.0,2462.8,2463.1,3731.8,3731.1,3731.4,4741.0,4740.4,4740.8,6671.6,6670.9,6670.9,9100.5,9101.9,9100.9,5520.4,5520.2,5521.5,7847.6,7848.3,7847.8,6447.8,6446.8,6448.9,1962.2,1960.1,1960.0,3910.1,3910.3,3911.3,2778.5,2778.1,2777.7,3041.4,3040.9,3040.8,26.280001,28.910000,going to end of hall1
2024-04-12T17:19:46Z,2512.4,2512.0,2512.2,2834.7,2835.1,2835.7,6028.2,6027.6,6028.0,2463.7,2463.3,2463.7,3730.9,3730.7,3731.2,4741.2,4740.8,4741.1,6670.5,6671.2,6670.6,9100.9,9098.8,9100.8,5519.4,5519.5,5520.2,7852.5,7849.7,7849.2,6449.8,6448.0,6449.2,1961.6,1960.4,1960.3,3910.5,3910.7,3911.3,2777.8,2777.0,2777.1,3041.8,3041.4,3041.7,26.280001,28.879999,going to end of hall1
2024-04-12T17:19:51Z,2512.3,2511.7,2511.6,2834.9,2835.1,2835.3,6028.5,6027.3,6026.9,2463.8,2463.1,2463.3,3730.6,3730.5,3730.7,4741.3,4740.6,4740.8,6672.9,6672.3,6671.5,9098.3,9098.4,9097.2,5519.8,5519.6,5520.7,7849.6,7848.0,7847.5,6449.1,6448.1,6447.4,1961.5,1960.7,1960.3,3910.3,3910.4,3911.1,2777.7,2777.9,2777.9,3040.9,3039.9,3040.6,26.280001,28.870001,going to end of hall1
2024-04-12T17:19:56Z,2511.7,2511.0,2511.6,2834.7,2834.7,2834.9,6026.9,6025.6,6025.6,2462.7,2462.9,2463.5,3731.6,3731.2,3730.9,4740.2,4740.5,4741.0,6669.3,6668.3,6667.8,9099.2,9099.7,9096.7,5519.4,5519.1,5519.8,7851.8,7851.3,7849.3,6449.1,6448.5,6450.9,1960.8,1959.5,1959.4,3909.1,3909.5,3910.4,2778.4,2777.6,2777.5,3042.4,3041.3,3041.3,26.260000,28.900000,going to end of hall1
2024-04-12T17:20:01Z,2511.7,2511.4,2511.9,2833.7,2834.0,2834.3,6026.3,6025.8,6026.3,2462.1,2462.4,2462.7,3729.8,3729.8,3729.7,4739.8,4739.7,4740.3,6668.7,6667.7,6669.3,9098.8,9098.0,9097.9,5519.3,5519.1,5519.9,7851.4,7848.2,7849.2,6447.9,6447.4,6447.9,1961.2,1959.9,1959.5,3909.6,3909.6,3910.9,2778.6,2778.3,2777.9,3040.6,3040.2,3040.0,26.260000,28.930000,going to end of hall1
2024-04-12T17:20:06Z,2511.5,2511.0,2511.5,2834.6,2834.5,2834.7,6026.2,6025.7,6025.6,2463.1,2462.6,2463.2,3730.8,3730.1,3729.9,4740.0,4739.3,4739.9,6671.0,6670.9,6672.5,9099.0,9098.6,9095.2,5519.5,5519.9,5520.0,7846.4,7845.9,7846.4,6445.2,6444.6,6446.6,1961.8,1960.1,1960.0,3908.8,3908.7,3909.4,2778.3,2777.9,2777.9,3040.5,3040.9,3040.9,26.290001,28.879999,going to end of hall1
2024-04-12T17:20:11Z,2511.0,2510.3,2510.6,2833.8,2834.2,2834.7,6025.7,6025.0,6025.2,2463.0,2463.1,2463.0,3730.1,3729.9,3729.6,4739.6,4739.5,4739.3,6669.2,6669.4,6668.2,9100.3,9099.9,9100.4,5518.5,5518.1,5519.3,7848.9,7846.5,7846.4,6446.6,6444.0,6445.0,1961.1,1959.7,1959.8,3908.2,3908.2,3909.5,2777.7,2776.1,2776.2,3040.4,3039.9,3039.8,26.290001,28.900000,going to end of hall1
2024-04-12T17:20:16Z,2513.0,2512.1,2512.4,2833.8,2833.6,2833.4,6025.5,6024.5,6024.8,2462.4,2462.4,2463.0,3729.5,3728.9,3729.2,4737.8,4738.8,4739.5,6668.8,6667.0,6668.7,9098.1,9098.2,9096.4,5518.7,5518.4,5517.7,7846.5,7845.7,7846.3,6445.5,6446.1,6446.8,1961.2,1959.6,1959.1,3908.1,3907.7,3908.6,2777.3,2776.4,2776.6,3040.0,3039.0,3040.0,26.290001,28.910000,going to end of hall1
2024-04-12T17:20:21Z,2512.5,2511.3,2511.9,2833.2,2833.5,2833.6,6025.3,6025.2,6025.1,2461.2,2462.4,2462.2,3729.5,3729.2,3729.0,4738.2,4738.7,4737.9,6667.8,6669.4,6668.8,9096.8,9095.8,9096.5,5517.2,5516.9,5517.2,7844.8,7843.3,7843.3,6445.1,6446.3,6445.0,1960.5,1958.7,1959.0,3907.4,3907.4,3908.1,2777.8,2776.8,2776.1,3039.9,3039.0,3039.3,26.280001,28.820000,going to end of hall1
2024-04-12T17:20:26Z,2511.5,2510.8,2511.2,2833.4,2833.5,2833.2,6024.5,6023.8,6024.4,2462.0,2461.9,2462.3,3729.7,3729.7,3729.8,4738.4,4737.8,4737.7,6663.6,6666.1,6665.4,9094.1,9095.3,9094.9,5515.4,5516.4,5516.7,7845.8,7843.7,7844.7,6444.6,6444.4,6443.5,1960.0,1958.5,1958.5,3906.9,3906.4,3907.3,2777.2,2776.8,2777.0,3040.3,3040.3,3039.5,26.290001,28.950001,going to end of hall1
2024-04-12T17:20:36Z,2512.7,2511.9,2511.3,2833.2,2832.8,2833.4,6024.3,6024.4,6024.5,2461.7,2461.9,2462.3,3730.3,3729.3,3728.7,4738.4,4737.9,4738.0,6665.4,6665.4,6665.7,9096.3,9096.6,9098.1,5516.3,5516.5,5517.0,7845.4,7843.3,7842.9,6445.8,6444.7,6446.0,1960.0,1959.2,1959.3,3907.7,3907.6,3908.4,2776.7,2775.6,2775.6,3038.3,3037.7,3038.8,26.260000,28.969999,going to end of hall1
2024-04-12T17:20:41Z,2511.9,2511.8,2511.5,2833.6,2832.7,2832.9,6024.2,6023.3,6023.9,2461.2,2461.0,2461.7,3729.5,3729.2,3729.8,4737.0,4736.5,4737.3,6664.3,6665.3,6664.8,9095.5,9095.2,9096.0,5515.9,5516.0,5517.4,7844.7,7842.5,7843.7,6447.9,6446.5,6446.3,1959.0,1957.6,1957.4,3906.1,3905.9,3907.2,2777.9,2777.1,2777.0,3039.1,3038.5,3038.8,26.309999,28.959999,going to end of hall1
2024-04-12T17:20:46Z,2513.1,2512.2,2512.5,2832.0,2832.8,2833.7,6023.7,6023.9,6023.4,2461.8,2461.5,2462.3,3729.5,3729.4,3729.8,4737.4,4737.3,4736.8,6663.9,6665.7,6665.7,9094.1,9095.0,9096.3,5515.2,5515.7,5516.9,7845.0,7843.2,7842.5,6446.6,6445.5,6448.1,1959.4,1957.8,1957.9,3906.3,3905.7,3906.6,2776.7,2776.3,2776.6,3038.8,3039.1,3039.5,26.280001,28.920000,going to end of hall1
2024-04-12T17:20:51Z,2513.0,2512.2,2512.6,2832.4,2832.7,2832.7,6024.6,6024.5,6024.5,2461.9,2461.5,2462.2,3730.0,3729.1,3728.9,4736.8,4736.4,4736.7,6665.7,6666.5,6666.7,9095.0,9094.1,9095.4,5514.8,5514.3,5514.8,7847.0,7847.1,7844.1,6446.0,6443.2,6444.6,1959.0,1958.0,1957.8,3905.3,3905.8,3906.8,2776.8,2776.3,2776.6,3039.1,3039.7,3040.2,26.280001,28.910000,going to end of hall1
2024-04-12T17:20:56Z,2511.3,2510.8,2511.1,2833.4,2833.6,2832.9,6024.3,6023.5,6023.9,2461.9,2462.2,2462.3,3729.7,3728.9,3728.9,4737.1,4737.3,4736.9,6664.2,6663.3,6664.6,9091.8,9090.7,9092.0,5515.0,5515.4,5515.8,7844.4,7842.9,7842.8,6441.9,6443.4,6444.2,1959.5,1958.2,1957.8,3905.8,3905.2,3905.7,2775.8,2775.6,2775.2,3040.6,3039.2,3039.5,26.290001,28.870001,going to end of hall1
2024-04-12T17:21:01Z,2511.1,2510.0,2510.9,2832.9,2832.4,2833.3,6023.8,6023.5,6023.8,2461.3,2461.1,2461.9,3730.3,3729.9,3729.3,4736.2,4736.2,4736.4,6664.1,6664.9,6664.3,9093.9,9092.4,9092.6,5515.8,5515.2,5516.6,7840.2,7840.5,7841.6,6442.9,6444.3,6442.2,1958.7,1957.3,1957.3,3906.0,3905.8,3906.2,2776.8,2776.2,2776.3,3039.4,3038.7,3039.0,26.280001,28.730000,going to end of hall1
2024-04-12T17:21:04Z,2511.1,2510.1,2510.7,2832.5,2832.1,2832.7,6024.2,6023.4,6023.5,2461.3,2461.3,2461.8,3729.4,3729.2,3728.9,4736.7,4736.8,4737.1,6661.3,6662.8,6663.6,9095.9,9093.1,9094.1,5517.7,5518.1,5517.6,7845.7,7845.5,7843.9,6444.1,6444.9,6445.2,1959.6,1958.0,1957.2,3906.7,3906.9,3907.0,2776.8,2776.0,2776.2,3038.8,3038.2,3038.5,26.260000,28.680000,end of hall1
2024-04-12T17:21:21Z,2511.1,2510.6,2510.3,2832.4,2832.3,2832.5,6022.1,6021.8,6022.1,2461.3,2461.3,2461.9,3728.5,3728.4,3728.6,4736.8,4736.5,4736.5,6663.4,6663.0,6664.3,9090.9,9090.5,9092.1,5515.5,5515.4,5515.3,7841.6,7841.9,7841.9,6445.4,6444.5,6443.2,1959.4,1958.9,1958.2,3905.0,3905.3,3905.7,2775.1,2774.2,2775.2,3039.4,3039.3,3039.7,26.250000,28.570000,going to end of hall
2024-04-12T17:21:26Z,2511.5,2510.7,2509.9,2832.5,2832.8,2832.9,6022.9,6022.5,6022.8,2460.7,2461.0,2461.0,3729.3,3730.0,3729.0,4736.5,4736.3,4736.0,6663.6,6662.5,6664.4,9093.5,9094.4,9093.0,5515.0,5515.1,5516.2,7839.9,7838.9,7840.2,6441.6,6442.5,6441.4,1959.7,1957.6,1957.6,3905.3,3905.1,3905.7,2775.1,2774.4,2774.4,3040.0,3038.6,3040.0,26.250000,28.590000,going to end of hall
2024-04-12T17:21:31Z,2511.1,2511.0,2511.2,2832.6,2832.2,2832.3,6022.9,6021.9,6022.4,2460.9,2461.4,2461.5,3728.8,3728.1,3729.3,4735.4,4736.0,4735.6,6661.0,6662.0,6662.9,9094.2,9093.3,9092.2,5513.7,5514.8,5514.4,7841.6,7841.6,7841.6,6442.9,6442.6,6443.2,1958.9,1957.2,1957.3,3903.9,3903.9,3904.7,2775.7,2775.4,2775.2,3038.7,3038.9,3038.3,26.250000,28.570000,going to end of hall
2024-04-12T17:21:36Z,2511.3,2510.3,2510.1,2832.4,2832.5,2832.4,6022.4,6021.9,6021.4,2460.7,2461.2,2461.5,3728.3,3728.0,3728.5,4734.9,4734.7,4735.3,6664.0,6664.4,6663.7,9091.8,9091.7,9091.4,5513.2,5513.0,5514.4,7841.0,7841.4,7841.4,6439.9,6438.3,6438.5,1958.9,1957.7,1957.4,3905.3,3905.4,3906.2,2775.3,2774.5,2774.4,3038.5,3037.6,3038.8,26.260000,28.559999,going to end of hall
2024-04-12T17:21:41Z,2510.0,2509.2,2509.2,2831.8,2832.1,2831.2,6022.1,6021.6,6021.4,2461.1,2461.2,2461.2,3728.5,3728.0,3727.9,4734.0,4734.0,4734.4,6660.7,6659.1,6660.0,9090.9,9090.2,9090.3,5513.5,5513.2,5514.2,7839.8,7839.9,7839.5,6439.4,6437.7,6439.8,1958.5,1956.8,1956.9,3903.8,3904.5,3905.0,2775.5,2774.7,2774.6,3039.0,3039.6,3039.4,26.260000,28.620001,going to end of hall
2024-04-12T17:21:46Z,2510.3,2509.3,2510.3,2831.5,2831.6,2831.8,6020.8,6020.1,6020.5,2460.9,2460.7,2461.2,3728.9,3728.5,3727.3,4734.6,4734.4,4734.5,6660.4,6661.5,6661.1,9088.2,9087.6,9088.4,5511.3,5511.5,5512.2,7839.2,7840.6,7839.7,6438.3,6438.0,6437.1,1959.3,1957.3,1957.8,3903.5,3903.7,3904.7,2775.0,2774.3,2774.1,3039.4,3038.3,3038.9,26.260000,28.639999,going to end of hall
2024-04-12T17:21:51Z,2510.4,2510.3,2510.3,2831.9,2832.0,2831.5,6020.3,6020.0,6020.1,2461.2,2461.3,2461.0,3728.4,3728.5,3728.0,4733.8,4733.8,4733.7,6661.3,6660.6,6659.8,9089.9,9089.5,9088.7,5512.1,5510.9,5511.5,7839.7,7840.1,7839.5,6438.9,6439.0,6438.7,1958.9,1957.1,1956.9,3903.0,3903.6,3904.1,2774.4,2772.9,2773.1,3038.5,3038.5,3038.7,26.250000,28.780001,going to end of hall
2024-04-12T17:21:56Z,2509.9,2510.0,2510.3,2831.1,2830.5,2830.9,6020.0,6019.9,6019.6,2460.3,2460.7,2461.1,3727.6,3727.3,3727.0,4733.2,4733.1,4733.6,6660.1,6659.5,6657.4,9093.0,9093.9,9093.2,5512.6,5512.3,5512.7,7837.2,7837.6,7836.3,6441.9,6440.8,6440.0,1958.8,1956.9,1957.2,3904.0,3903.9,3904.9,2774.7,2773.7,2773.6,3038.5,3038.8,3039.1,26.260000,28.820000,going to end of hall
2024-04-12T17:22:06Z,2509.3,2508.6,2508.9,2831.3,2830.5,2831.1,6019.0,6018.9,6019.1,2459.7,2459.9,2460.0,3726.9,3726.7,3727.2,4733.7,4732.8,4733.1,6661.5,6659.2,6659.9,9091.5,9088.4,9089.1,5512.3,5511.9,5512.8,7839.0,7836.8,7835.1,6438.4,6437.5,6438.4,1957.9,1956.7,1956.1,3902.4,3902.4,3903.0,2774.5,2773.8,2773.5,3039.5,3038.0,3039.1,26.280001,28.920000,going to end of hall
2024-04-12T17:22:11Z,2509.5,2509.0,2509.1,2830.8,2830.7,2830.7,6019.8,6019.1,6019.3,2459.9,2459.9,2460.6,3727.5,3727.4,3727.1,4732.6,4732.8,4732.7,6659.4,6660.5,6661.4,9090.7,9088.3,9088.3,5511.2,5511.8,5512.7,7839.4,7837.0,7837.5,6439.6,6438.6,6441.3,1957.1,1956.2,1955.7,3902.5,3902.5,3903.5,2774.1,2773.5,2773.0,3040.3,3039.6,3039.7,26.250000,28.930000,going to end of hall
2024-04-12T17:22:16Z,2510.5,2509.4,2510.1,2831.1,2831.0,2831.7,6020.0,6019.7,6019.5,2459.7,2460.5,2460.8,3728.8,3727.7,3727.5,4733.2,4733.2,4733.5,6658.9,6659.9,6660.2,9090.1,9090.7,9092.5,5512.8,5511.8,5511.7,7838.0,7838.9,7838.8,6439.1,6439.7,6438.9,1958.2,1956.8,1956.9,3902.5,3902.9,3904.0,2774.9,2774.3,2773.6,3037.8,3036.8,3037.9,26.260000,29.030001,going to end of hall
2024-04-12T17:22:21Z,2509.7,2509.0,2509.5,2831.2,2831.3,2831.4,6019.9,6019.7,6019.8,2460.7,2460.6,2460.6,3728.3,3727.9,3728.0,4733.4,4733.1,4733.4,6659.5,6659.7,6659.7,9090.6,9091.1,9090.3,5511.3,5511.0,5511.6,7836.5,7834.5,7834.8,6439.0,6441.5,6441.0,1958.0,1956.5,1956.2,3902.2,3902.9,3903.3,2774.2,2773.4,2774.0,3038.4,3038.0,3037.8,26.260000,28.980000,going to end of hall
2024-04-12T17:22:26Z,2509.8,2509.6,2509.5,2831.1,2830.7,2831.1,6020.5,6019.9,6019.5,2460.4,2460.1,2460.8,3727.6,3726.8,3726.7,4732.7,4733.0,4732.3,6657.8,6656.1,6656.6,9093.2,9091.2,9093.2,5513.1,5512.1,5513.3,7837.7,7835.7,7835.3,6441.3,6441.0,6441.5,1958.1,1957.0,1956.4,3904.5,3904.5,3904.4,2774.0,2773.5,2772.9,3038.4,3037.5,3037.7,26.260000,28.930000,going to end of hall
2024-04-12T17:22:31Z,2510.3,2509.9,2510.0,2830.7,2830.8,2831.3,6018.9,6019.0,6019.0,2461.0,2460.7,2461.2,3727.0,3727.9,3727.0,4733.4,4733.5,4733.4,6661.4,6660.7,6660.9,9091.9,9092.7,9093.8,5511.7,5512.0,5512.1,7839.1,7838.2,7837.9,6440.4,6440.2,6442.4,1958.9,1957.1,1957.1,3903.2,3903.5,3903.6,2775.6,2774.4,2774.1,3036.0,3036.9,3037.5,26.240000,28.879999,going to end of hall
2024-04-12T17:22:36Z,2510.1,2509.8,2510.0,2831.0,2831.3,2831.1,6020.0,6019.9,6020.0,2460.3,2460.4,2460.4,3727.2,3727.0,3726.6,4733.2,4733.3,4732.7,6658.8,6658.9,6660.7,9091.0,9089.4,9089.6,5512.3,5512.3,5513.0,7838.5,7837.4,7838.7,6440.1,6439.6,6439.0,1958.7,1956.9,1957.2,3902.9,3903.0,3904.0,2775.0,2774.5,2775.2,3037.0,3036.4,3037.1,26.240000,28.860001,going to end of hall
2024-04-12T17:22:41Z,2509.9,2508.9,2508.9,2831.1,2831.4,2831.6,6019.9,6019.1,6019.4,2460.3,2460.2,2460.7,3727.7,3727.2,3727.2,4734.1,4733.6,4733.9,6658.7,6658.6,6657.7,9090.8,9090.7,9090.6,5511.6,5512.3,5513.1,7838.8,7839.2,7839.4,6436.5,6438.0,6438.7,1958.1,1956.9,1957.0,3902.4,3902.8,3903.9,2775.0,2774.4,2774.8,3035.9,3036.1,3037.0,26.240000,28.820000,going to end of hall
2024-04-12T17:22:42Z,2510.0,2509.3,2509.6,2831.8,2831.5,2831.8,6020.2,6020.4,6019.2,2460.2,2460.6,2461.5,3727.3,3727.4,3727.1,4733.7,4733.3,4733.8,6661.6,6659.3,6658.8,9091.6,9090.0,9087.5,5511.6,5511.9,5511.5,7839.7,7838.7,7837.9,6438.7,6438.1,6438.6,1957.3,1956.5,1956.3,3903.5,3903.6,3903.5,2774.7,2773.1,2774.4,3037.9,3036.9,3036.9,26.240000,28.750000,end of hall
2024-04-12T17:22:44Z,2509.9,2509.1,2509.0,2831.3,2831.4,2831.8,6019.3,6018.9,6019.3,2461.1,2460.8,2461.5,3728.0,3727.2,3727.2,4732.9,4732.7,4733.0,6660.5,6659.0,6658.0,9090.7,9090.4,9090.5,5512.2,5512.0,5513.2,7838.1,7839.4,7839.3,6441.5,6440.6,6441.2,1957.7,1956.1,1956.1,3903.2,3902.9,3903.8,2774.9,2774.3,2774.1,3038.5,3037.2,3037.5,26.219999,28.680000,end of hall
2024-04-12T17:22:46Z,2509.4,2508.6,2509.1,2829.6,2830.5,2830.9,6019.8,6019.5,6019.3,2459.8,2459.7,2460.0,3727.2,3727.1,3726.3,4733.3,4733.0,4733.0,6658.5,6657.6,6658.0,9092.5,9090.3,9091.5,5510.9,5511.2,5512.8,7835.6,7835.0,7836.3,6438.8,6439.5,6439.0,1958.4,1956.6,1956.3,3902.6,3902.8,3903.6,2775.2,2774.8,2774.9,3037.9,3038.1,3037.8,26.240000,28.610001,end of hall
2024-04-12T17:22:58Z,2509.6,2508.6,2509.1,2830.6,2829.4,2830.2,6018.1,6018.0,6017.8,2459.4,2460.0,2460.5,3726.2,3726.0,3725.8,4733.1,4733.3,4732.9,6657.3,6658.8,6658.6,9091.8,9091.3,9091.0,5511.7,5510.4,5512.7,7838.3,7836.7,7837.2,6438.5,6438.2,6437.8,1957.6,1956.3,1956.2,3902.7,3902.5,3903.9,2773.8,2773.2,2773.4,3038.5,3038.1,3038.3,26.219999,28.530001,going to sam
2024-04-12T17:23:03Z,2509.6,2508.5,2508.9,2829.1,2829.1,2829.8,6017.8,6017.3,6017.1,2460.1,2459.7,2460.2,3726.2,3726.6,3726.7,4732.9,4732.4,4733.2,6657.0,6655.1,6656.7,9091.5,9091.1,9093.1,5509.6,5511.2,5511.6,7838.8,7836.1,7836.3,6437.0,6437.9,6437.6,1957.4,1955.6,1955.8,3901.9,3902.3,3902.6,2774.4,2774.2,2773.9,3038.9,3038.1,3038.3,26.240000,28.459999,going to sam
2024-04-12T17:23:08Z,2508.1,2507.3,2507.5,2829.6,2830.1,2830.7,6017.8,6016.7,6016.6,2460.0,2459.9,2460.8,3726.5,3725.8,3725.7,4732.9,4732.7,4732.6,6658.5,6657.9,6658.1,9089.8,9089.6,9089.3,5510.1,5510.5,5512.0,7836.2,7834.4,7834.8,6437.6,6437.7,6438.8,1957.7,1956.0,1956.1,3901.0,3901.3,3902.4,2773.6,2772.6,2772.6,3039.1,3038.1,3037.7,26.190001,28.490000,going to sam
2024-04-12T17:23:13Z,2508.6,2508.2,2508.4,2828.8,2829.3,2829.5,6017.0,6016.6,6016.6,2460.1,2459.9,2460.6,3725.1,3725.2,3725.0,4731.2,4731.0,4731.7,6660.6,6659.6,6660.3,9090.3,9088.7,9090.0,5510.2,5510.0,5510.1,7834.6,7834.0,7833.9,6435.5,6436.5,6436.3,1957.9,1956.2,1956.4,3900.9,3901.7,3902.6,2773.8,2772.6,2772.9,3037.5,3037.4,3037.6,26.219999,28.540001,going to sam
2024-04-12T17:23:18Z,2508.8,2508.3,2508.1,2829.6,2829.4,2829.8,6016.1,6014.9,6016.1,2459.6,2459.9,2460.2,3725.8,3725.4,3726.0,4730.8,4730.3,4730.9,6654.3,6654.7,6655.2,9086.4,9085.9,9085.4,5509.8,5507.7,5509.2,7834.3,7835.0,7833.0,6435.4,6436.3,6436.9,1957.7,1955.9,1956.2,3901.2,3900.9,3902.1,2773.8,2772.4,2772.3,3037.6,3037.5,3037.8,26.209999,28.700001,going to sam
2024-04-12T17:23:23Z,2508.8,2508.6,2508.5,2829.6,2829.5,2829.9,6017.0,6016.7,6016.6,2459.7,2459.8,2460.0,3725.6,3725.3,3725.4,4730.9,4730.1,4730.4,6657.9,6655.5,6655.0,9086.9,9088.0,9086.9,5509.0,5508.8,5510.0,7832.2,7831.7,7830.5,6436.7,6434.4,6438.4,1957.2,1956.0,1955.3,3901.3,3900.9,3901.4,2772.4,2771.5,2772.0,3037.8,3036.2,3037.3,26.219999,28.809999,going to sam
2024-04-12T17:23:28Z,2509.8,2509.0,2509.3,2829.0,2829.1,2829.2,6016.4,6016.1,6015.7,2459.8,2460.0,2460.2,3725.5,3725.8,3725.4,4729.8,4730.2,4729.7,6653.7,6654.1,6654.0,9085.5,9085.8,9084.4,5508.2,5508.1,5509.5,7832.7,7830.2,7831.0,6435.6,6434.6,6436.6,1957.2,1955.7,1954.8,3900.5,3900.8,3901.6,2773.0,2771.3,2772.3,3036.3,3036.2,3035.4,26.190001,28.790001,going to sam
2024-04-12T17:23:34Z,2508.6,2508.0,2508.1,2829.6,2829.0,2828.9,6016.3,6016.0,6015.5,2460.1,2460.8,2460.8,3725.8,3724.3,3725.4,4730.8,4730.5,4730.5,6655.0,6655.7,6656.3,9087.9,9086.4,9086.1,5507.5,5506.9,5508.7,7832.3,7832.7,7831.2,6435.2,6435.7,6436.2,1956.4,1954.9,1954.8,3900.2,3900.3,3901.4,2773.4,2772.6,2772.5,3037.2,3036.9,3036.7,26.209999,28.830000,going to 
2024-04-12T17:23:38Z,2509.5,2508.4,2508.6,2828.7,2828.2,2829.1,6016.7,6015.7,6016.1,2459.4,2459.6,2459.8,3725.3,3724.4,3724.4,4729.8,4729.9,4730.3,6654.7,6655.6,6653.4,9087.1,9087.7,9086.8,5508.6,5508.8,5509.6,7831.3,7829.8,7830.2,6435.6,6434.0,6435.9,1956.4,1954.8,1955.4,3900.5,3901.3,3902.2,2772.6,2771.8,2771.3,3037.1,3036.0,3036.1,26.190001,28.860001,going to sam
2024-04-12T17:23:48Z,2509.7,2508.8,2509.0,2828.4,2828.0,2828.9,6017.1,6016.8,6016.7,2459.6,2459.8,2459.9,3724.6,3724.3,3724.2,4730.3,4730.2,4730.1,6655.6,6654.5,6657.2,9086.9,9089.3,9089.7,5508.1,5508.4,5508.5,7832.6,7832.6,7831.6,6433.5,6432.4,6433.9,1957.5,1955.8,1956.0,3901.2,3901.1,3901.9,2772.8,2772.5,2772.4,3037.1,3036.2,3036.9,26.180000,28.969999,sam
2024-04-12T17:23:55Z,2508.9,2508.1,2508.6,2828.6,2828.7,2829.2,6017.5,6016.3,6016.4,2459.5,2459.2,2460.0,3725.9,3725.5,3724.3,4730.9,4730.2,4730.4,6658.1,6658.1,6656.8,9087.2,9085.9,9086.4,5509.3,5508.5,5509.4,7833.0,7831.0,7830.7,6438.2,6436.7,6436.1,1956.6,1955.6,1955.4,3901.1,3900.9,3901.8,2773.3,2772.0,2772.1,3037.4,3036.4,3036.9,26.190001,29.040001,going to home base
2024-04-12T17:24:00Z,2509.4,2508.9,2508.9,2828.6,2828.8,2828.6,6017.4,6016.6,6016.9,2459.8,2459.3,2460.1,3725.4,3725.4,3725.4,4730.7,4730.1,4730.4,6656.7,6656.3,6655.6,9089.3,9087.5,9088.6,5509.6,5508.2,5508.9,7833.5,7832.9,7832.1,6435.5,6436.8,6436.0,1956.6,1954.7,1954.8,3900.7,3900.5,3901.5,2773.6,2772.7,2773.2,3036.9,3037.1,3036.7,26.180000,29.010000,going to home base
2024-04-12T17:24:30Z,2508.6,2507.9,2508.3,2828.2,2827.7,2828.0,6015.8,6015.3,6015.6,2459.2,2458.9,2459.0,3725.1,3724.3,3724.8,4728.8,4728.7,4729.1,6652.1,6651.9,6652.6,9084.4,9084.8,9084.5,5508.2,5508.3,5507.0,7831.8,7831.0,7830.3,6437.9,6438.5,6438.9,1956.7,1954.8,1954.9,3900.3,3900.4,3900.9,2772.9,2772.0,2772.0,3036.8,3036.8,3037.0,26.170000,28.940001,going to home base
2024-04-12T17:24:35Z,2510.0,2509.2,2508.8,2828.1,2828.1,2828.7,6016.1,6016.3,6015.6,2459.7,2459.2,2459.9,3725.2,3724.7,3724.8,4730.4,4730.3,4730.1,6655.6,6655.2,6656.9,9088.3,9087.8,9084.8,5508.3,5508.2,5509.5,7832.0,7832.3,7831.8,6438.1,6438.1,6438.8,1957.0,1955.4,1954.7,3900.3,3900.5,3901.4,2772.8,2771.8,2771.8,3036.3,3036.2,3036.8,26.170000,28.930000,going to home base
2024-04-12T17:24:40Z,2509.9,2509.3,2509.4,2828.3,2828.3,2828.4,6016.6,6015.8,6016.3,2460.3,2459.7,2460.2,3725.8,3725.5,3725.8,4731.1,4730.7,4730.9,6655.2,6654.1,6657.5,9087.7,9085.8,9084.6,5508.9,5509.1,5510.1,7834.0,7833.0,7833.1,6436.6,6439.5,6437.1,1957.1,1955.3,1955.5,3900.7,3900.9,3902.1,2773.5,2773.0,2772.7,3037.6,3036.4,3036.2,26.170000,28.990000,going to home base
2024-04-12T17:24:45Z,2509.4,2508.4,2508.2,2828.8,2828.3,2828.8,6016.6,6016.4,6016.2,2459.8,2459.7,2459.8,3725.3,3725.2,3724.6,4730.3,4729.3,4730.3,6654.0,6653.9,6653.9,9087.4,9085.0,9086.2,5511.0,5509.0,5510.1,7834.1,7831.4,7832.9,6438.9,6436.6,6438.5,1957.2,1955.6,1955.9,3900.9,3901.0,3901.8,2773.6,2772.7,2773.0,3037.2,3037.0,3037.4,26.150000,28.980000,going to home base
2024-04-12T17:24:50Z,2508.3,2508.1,2508.6,2828.0,2827.7,2828.0,6016.5,6016.0,6015.8,2459.5,2459.2,2459.8,3725.3,3724.8,3725.9,4730.0,4730.0,4730.3,6656.4,6656.1,6655.6,9086.8,9085.5,9087.3,5509.5,5509.5,5510.0,7835.6,7833.6,7833.7,6437.2,6436.3,6436.7,1957.0,1955.5,1955.1,3900.6,3901.0,3901.2,2772.6,2771.1,2771.4,3036.4,3036.5,3036.9,26.120001,29.010000,going to home base
2024-04-12T17:24:55Z,2508.7,2507.8,2508.2,2828.4,2828.0,2827.8,6016.3,6015.8,6015.5,2459.6,2459.4,2459.7,3725.5,3724.9,3724.9,4730.3,4730.2,4730.3,6654.6,6654.6,6654.7,9088.1,9088.5,9088.9,5510.1,5510.2,5509.4,7832.1,7831.2,7833.1,6436.6,6434.6,6435.5,1956.8,1955.2,1954.8,3899.8,3899.9,3901.4,2772.5,2771.6,2771.6,3036.5,3036.5,3035.6,26.139999,28.990000,going to home base
2024-04-12T17:25:00Z,2508.9,2508.5,2508.7,2828.1,2828.5,2828.3,6016.6,6016.7,6016.4,2459.1,2459.6,2460.5,3724.4,3724.2,3724.8,4730.4,4730.1,4730.3,6656.2,6654.5,6655.9,9086.5,9086.9,9086.1,5510.8,5508.6,5510.4,7833.1,7832.3,7832.9,6435.7,6435.7,6438.4,1956.2,1954.7,1954.5,3900.2,3900.3,3901.2,2773.1,2772.4,2772.7,3038.4,3037.3,3037.0,26.139999,29.049999,going to home base
