ch1,ch2,ch3,ch4,ch5,ch6,ch7,ch8,ch9,ch10,ch11,ch12,ch13,ch14,ch15,ch16,ch17,ch18,ch19,ch20,ch21,ch22,ch23,ch24,ch25,ch26,ch27,ch28,ch29,ch30,ch31,ch32,ch33,ch34,ch35,ch36,ch37,ch38,ch39,ch40,ch41,ch42,ch43,ch44,ch45,ch46,ch47,ch48,ch49,ch50,ch51,ch52,ch53,ch54,ch55,ch56,ch57,ch58,ch59,ch60,ch61,ch62,ch63,ch64,humidity,temperature,class
41447.4,41448.5,3072.1,3072,3071.8,2694.1,2694.4,2694.7,7189.6,7188.7,7188.6,2248.8,2248.7,2249.3,5069.8,5070.1,115437.2,115427,14742.9,14748.3,14734.3,3222.4,3220.8,3220.2,3495.8,3495.6,3495.6,5537.2,5536.2,5537.2,22264.5,22265.9,38073.3,38095.2,8159.8,8159.4,8158.5,4424.4,4423.2,4424.2,6732.6,6732.3,6733.5,5132.3,5133.4,5133.7,88468.4,88453.4,4965.7,4966,1711.1,1710.2,1710.2,4240.4,4240.7,4241.7,2431.4,2431.3,2431.2,2612.2,2612.3,2613,6072,6070.9,16.709999,27.690001,5
41453.7,41446.8,3072.4,3071.4,3071.1,2693.9,2693.9,2693.9,7188.9,7188.6,7188.9,2248.7,2248.8,2249,5069.9,5069.5,115373.6,115358.2,14737.5,14733.1,14736.7,3223.8,3222.3,3221.4,3494.7,3494.9,3494.9,5538.6,5539.2,5538.7,22270.3,22271.3,38073.4,38070,8160.5,8159.7,8158.7,4423.9,4423.6,4424.1,6735,6734.2,6733.7,5138.8,5137.8,5137.6,88460.4,88450.7,4964.8,4964.7,1711,1709.7,1709.6,4240.1,4239.6,4240.6,2431.5,2431.2,2431.6,2613.6,2613.1,2613.8,6071.7,6070.9,16.809999,27.719999,5
41470.1,41460.7,3071.7,3071.1,3072,2694.3,2694,2693.9,7189,7189.3,7189.1,2247.6,2247.7,2248.3,5069.4,5069.7,115364.8,115410.2,14739.4,14737.6,14741.6,3224.2,3222.6,3221.5,3494.9,3494.9,3494.9,5536.9,5535.9,5536.3,22270.5,22270.2,38090.2,38087.2,8159.3,8159,8160.6,4424.6,4424.3,4424.5,6735.2,6733.5,6734.4,5136.9,5137.1,5138.1,88492.6,88484.4,4964.1,4964.7,1710.6,1709.2,1709.2,4239.7,4239.2,4240,2431.7,2431.3,2431.2,2613.6,2612.3,2613.3,6071.5,6071.3,16.65,27.719999,5
41447.6,41441.4,3072.6,3072.1,3072.4,2694,2694,2694.6,7188.3,7187.5,7187.5,2247.7,2248.2,2248.5,5068.4,5068.6,115328.1,115263.8,14741.3,14726.5,14730.1,3222.7,3221.8,3220.8,3494.6,3494.8,3495.3,5535.7,5535.2,5535.6,22266,22270.2,38076.5,38060.5,8160.6,8160.4,8161,4423.9,4423.2,4423.7,6734,6732.1,6733.3,5136.7,5135.4,5136.1,88435.6,88434.4,4963.8,4963.7,1710.8,1709.4,1709.6,4239.3,4239.7,4240,2431.4,2430.7,2431.1,2613.2,2613.8,2613.5,6070.5,6069.8,16.43,27.73,5
41440.3,41436.9,3072.1,3071.1,3071.1,2693.1,2693.6,2693.4,7188.4,7187.9,7187.8,2248.4,2247.9,2249,5068.6,5068,115394.1,115403.8,14738.4,14739.8,14744.2,3223.1,3221.5,3221.2,3494.7,3494.5,3494.5,5535.9,5534.2,5534.8,22268.1,22262.7,38068.4,38085.2,8158.9,8157.7,8157.3,4424.5,4424,4425.1,6734.9,6734.3,6734.3,5135.9,5134.9,5135.5,88455.2,88457,4963.6,4963.7,1710.9,1709.5,1709.5,4239,4238.6,4239.9,2432,2431.4,2432,2611.7,2611.4,2612.3,6072.4,6072,16.59,27.74,5
41461.7,41464,3071.7,3070.6,3070.9,2693.3,2693.1,2693.6,7188.7,7188.2,7188.6,2248.4,2248.9,2248.7,5068.5,5068.4,115256.2,115323.1,14737.5,14736.4,14731.1,3223.6,3222.4,3221.9,3494.5,3494.6,3494.7,5536.6,5536.8,5535.8,22269.9,22271.5,38079.2,38079.2,8158.8,8158,8159,4424.3,4423.9,4424.7,6732.9,6730.8,6732.4,5136,5136.7,5137.4,88427.2,88440.1,4964.2,4964.2,1710.7,1709.7,1709.4,4239,4238.5,4239.2,2431.5,2430.9,2431.4,2612.4,2611.5,2611.8,6073.1,6072.3,16.620001,27.74,5
41461,41454.8,3071.6,3071.1,3071.8,2694.1,2694.1,2694.1,7188,7187.4,7187.9,2247.8,2247.5,2248.2,5068.2,5067.9,115374.4,115385.1,14725.1,14733.2,14736.7,3223.4,3222,3221.7,3494.2,3493.8,3494.2,5536.9,5538.2,5536.1,22265.2,22260.8,38078.2,38071.7,8158.8,8158.4,8157,4424.6,4423.1,4423.9,6733.9,6732.2,6732.3,5137.2,5138.7,5137.7,88403,88418,4963.5,4963.2,1710.8,1709.5,1709.5,4238.2,4238.1,4239.2,2431.9,2431.3,2431,2611.2,2610.9,2611.8,6072.9,6072.5,16.469999,27.719999,5
41452.4,41449.6,3071.5,3071.2,3071.7,2693.4,2693.5,2693.4,7188,7187.9,7187.4,2247.8,2247.7,2248,5068.1,5067.3,115251,115316.1,14728.3,14731.9,14736.3,3223.3,3221.9,3221.5,3494,3493.8,3493.7,5535.5,5534.6,5536.6,22268.7,22269.5,38072.6,38089.1,8159.6,8159.3,8157.9,4423.6,4422.8,4423.2,6732.4,6731.8,6731,5135.5,5138.4,5134.6,88359.2,88383.8,4962.1,4962.9,1710.7,1709.7,1709.9,4237.6,4237.1,4238.5,2431.2,2430.8,2430.7,2612.6,2612.2,2612.9,6070.1,6070.5,16.389999,27.719999,5
41455.5,41454,3071.3,3070.9,3071,2692.8,2692.6,2692.5,7186.7,7185.7,7185.9,2248.2,2249,2248.8,5067.8,5067.3,115280.2,115229.4,14734.9,14731.5,14728.2,3222.2,3221,3220.4,3493.6,3494.1,3493.6,5535.3,5534.5,5535.3,22256,22256.3,38058.2,38093.5,8158.7,8157.1,8156.9,4424.2,4423.2,4423.5,6732.9,6732.1,6732,5134.9,5135,5135.3,88439.5,88405.6,4961.8,4962.1,1710.7,1709.7,1709.3,4237.4,4237.2,4238.1,2430.9,2430.4,2430.4,2611.6,2611.7,2612.2,6070.7,6068.9,16.25,27.700001,5
41465.5,41458.1,3071.3,3070.5,3070.4,2692.4,2693,2692.6,7184.7,7183.9,7184.8,2247.7,2247.2,2247.7,5066.7,5066.9,115226.6,115309.7,14730.7,14725.2,14728,3221.9,3220.8,3220.3,3493.3,3493.6,3493.8,5534.3,5533.4,5534.1,22252.7,22249.6,38105.4,38110.9,8157.4,8157.7,8157.3,4422.4,4421.9,4422.4,6731.6,6730.3,6730.5,5135.5,5132.6,5136.1,88359.7,88371.1,4961.3,4961.1,1710.8,1709.3,1709.4,4236,4235.8,4237,2431.3,2430,2430.6,2610.5,2609.6,2610.4,6068.8,6070,16.1,27.73,5
41473.8,41466.8,3070.3,3070,3070.1,2692.9,2692.5,2692.7,7183.6,7183.2,7183.5,2246.6,2247,2247.5,5066.1,5065.8,115271.7,115263.6,14731.6,14729.7,14727.7,3221.4,3220.2,3219.3,3493.7,3493.3,3493.3,5533.5,5533.4,5533.3,22246,22251.2,38090.6,38125.9,8159.3,8159,8160.4,4421.6,4421.1,4422.2,6729.3,6728,6728.4,5131.5,5130.5,5133.2,88357.8,88355.3,4960.9,4960.5,1710.7,1709,1708.9,4235.3,4235.7,4235.9,2430.5,2429.4,2429.5,2610.8,2611.1,2612.3,6067.3,6067.4,16.110001,27.73,5
41445.5,41438.3,3070,3069.2,3069.4,2692.1,2691.9,2691.8,7182.5,7182.2,7181.7,2247.4,2247.1,2247.7,5065.9,5065.7,115265.2,115234.9,14727.8,14725,14721,3221.9,3220.2,3219.7,3493.3,3492.8,3493,5534.6,5533.8,5533.7,22248.4,22252,38097.8,38105.1,8158.1,8158,8158,4422.6,4421.7,4422.5,6729.4,6729.2,6727.5,5136.4,5133.9,5134.2,88434.7,88441.2,4960.8,4961.1,1710.2,1709.2,1709.2,4234.9,4234.9,4235.7,2430.6,2429.7,2429.6,2611.3,2610.6,2612,6068.9,6067.9,16.110001,27.73,5
41432.9,41435.2,3069.7,3069.3,3069.8,2692.1,2691.5,2691.8,7181.4,7179.7,7179.9,2247.1,2247,2247.8,5065.1,5064.7,115195.6,115250,14736.3,14740.5,14736,3220.5,3219.3,3218.5,3493.3,3493,3493,5532.7,5531.9,5532.7,22256.3,22253.4,38075.7,38076.3,8157.7,8157.1,8157.1,4422.1,4421.9,4422.8,6727.8,6726.8,6726.1,5135.1,5134.1,5134.7,88432.3,88415.5,4961,4960.2,1709.8,1708.8,1708.8,4233.7,4233.9,4234.2,2430.2,2429.4,2429.7,2611.6,2611.2,2612.4,6068.6,6068.2,16.08,27.719999,5
41439.3,41440.5,3068.3,3068.1,3068,2691.8,2691.7,2691.9,7179,7178.6,7178.1,2247.1,2246.9,2247.4,5064.7,5064.4,115216.4,115191.3,14721.6,14720.6,14717.7,3220.4,3219.6,3218.7,3492.2,3492.4,3492.2,5534.1,5535.2,5534.5,22255.2,22254.5,38092.4,38066.7,8156.2,8158.3,8156.6,4420.9,4420.8,4421.3,6722.4,6723.3,6723.3,5131.3,5133.1,5133,88366.1,88391,4959.9,4960.6,1709.9,1708.8,1708.8,4232.2,4232.6,4232.6,2429.2,2429,2429,2610.5,2610.9,2611.5,6068.3,6068.2,16,27.719999,5
41439.4,41444.5,3067.7,3066.9,3067.1,2690.9,2691,2692,7176.4,7176.4,7175.5,2246.4,2246,2246.8,5064.2,5064,115241.6,115255.6,14723.9,14728.2,14719.2,3219.9,3218.7,3218.3,3492.5,3491.9,3492.4,5531.8,5531,5532.7,22254.6,22254.3,38085.6,38096.1,8157.4,8156.5,8155.8,4418.3,4417.7,4418.8,6721.3,6722,6720.7,5132,5130.2,5130.5,88348.2,88361.2,4959.5,4960.1,1709.5,1708.3,1708.3,4230.1,4230,4230.8,2428.8,2428.1,2428.4,2609.3,2609.9,2610.7,6066.1,6066.1,15.95,27.719999,5
41430.7,41433.5,3068.3,3067.4,3067.9,2690.6,2690.3,2690.8,7174.7,7173.8,7174,2244.9,2245.3,2245.8,5063.6,5063,115274.1,115186.8,14714.4,14706.6,14710.8,3219.5,3218.4,3217.7,3492.3,3492.3,3492.3,5531,5531.3,5530.7,22259.6,22258.1,38106,38120.8,8157.3,8154.6,8156,4418.1,4417.6,4418.3,6721.2,6721,6720.2,5129.5,5131.6,5131.7,88340.4,88375,4958.8,4959.3,1709.8,1708.4,1708.1,4230.6,4230.4,4230.9,2428.4,2427.6,2427.8,2608.6,2608.2,2608.5,6067.4,6066.2,15.93,27.719999,5
41451.9,41448.4,3068.9,3067.4,3067.4,2689.7,2689.7,2690,7173.9,7173.4,7173.4,2245.3,2244.7,2245.8,5063.4,5063.3,115178.9,115210.4,14722.2,14717.4,14719.3,3219.4,3217.9,3217.3,3491.5,3491.7,3491.9,5531,5530.7,5531.5,22247.6,22251.4,38090,38098,8155.5,8154.7,8155.7,4417.1,4416.2,4416.7,6720.8,6720.7,6719.8,5130.8,5127.5,5132.2,88351.8,88329.5,4958.1,4958.5,1709.6,1708,1707.9,4229.2,4229.2,4229.6,2428,2427,2427.2,2610.6,2610,2610.2,6064.5,6064.1,15.92,27.719999,5
41438.5,41439.9,3067.3,3066.6,3066.3,2689.2,2688.7,2689.8,7171.9,7171.9,7171.5,2245.8,2245.5,2245.9,5062.8,5062.7,115196.1,115262.5,14712.3,14706.7,14706.5,3218.5,3217.3,3216.9,3491.2,3491.3,3491,5532.7,5532.4,5533.3,22252,22249.8,38100.1,38090.5,8155,8154,8155.2,4417.8,4417.8,4417.8,6719.8,6718.7,6719.5,5130.5,5131,5130.3,88384.2,88386.3,4958.7,4959.2,1709.4,1708,1708.1,4228,4228.2,4228.7,2426.9,2426.4,2426.7,2609.7,2609.7,2609.3,6063.4,6064.2,15.73,27.719999,5
41425,41416.9,3067,3066.1,3066.2,2689.7,2689.1,2689.8,7170.2,7169.2,7169.5,2245,2245,2245.2,5062.4,5062.5,115297.4,115279.9,14693.9,14693.4,14694.5,3218.6,3217.4,3216.2,3490.8,3490.7,3490.7,5530.4,5530.4,5530.3,22250.9,22246.5,38089,38081.2,8153,8152.7,8152.8,4417.1,4416.4,4416.8,6716,6715.4,6714.8,5126.3,5126,5130.5,88264.1,88294.3,4957.4,4957.8,1709,1707.7,1707.5,4226.5,4225.8,4227.1,2426.4,2425.8,2426.1,2609.2,2609.8,2609.5,6064.2,6063.5,15.61,27.67,5
41419.5,41421.4,3066.1,3065.6,3066,2689.6,2689.6,2689.6,7167.8,7167.6,7167.4,2245.2,2244.8,2244.7,5061.5,5061.7,115146.9,115170.8,14696,14691.8,14695.8,3217.8,3216.5,3215.5,3490.9,3490.1,3490.4,5529,5529.6,5528.1,22244.3,22243.4,38090.2,38067.2,8151.3,8150.6,8150.8,4415.3,4414.5,4414.5,6715.5,6714.7,6713.4,5124.4,5124.5,5126.3,88281.4,88292.3,4958,4958.9,1709.3,1707.8,1707.4,4224.4,4224,4225.1,2426.4,2425.4,2425.2,2609.6,2609.6,2609.6,6064.1,6062.7,15.56,27.700001,5
41422.1,41425,3065.5,3065.5,3065.5,2689.3,2689.3,2688.8,7165.4,7165.4,7165.7,2244.5,2245.1,2245.2,5060.9,5060.9,115297.5,115357.5,14697.8,14693.3,14689.9,3217.4,3215.8,3214.7,3490.2,3490.3,3490.5,5527.7,5526.5,5527.7,22245.9,22242.6,38042.5,38028,8151.6,8150.6,8151,4414,4413.3,4414.2,6715.1,6712.7,6713,5125.2,5126.1,5126.4,88307.8,88279.8,4956.1,4956.5,1708.1,1706.9,1706.9,4222.4,4222.6,4223.5,2425.7,2424.6,2424.6,2610.4,2609.8,2610.1,6061.8,6061.6,15.55,27.67,5
41417.2,41415.7,3065.5,3064.7,3064.9,2687.9,2687.9,2688.1,7162.8,7163.1,7162.1,2243.4,2243,2244,5059.9,5059.6,115267.1,115269.9,14698.8,14693.4,14688.3,3215.7,3214.7,3214.3,3489.9,3489.7,3489.9,5528.6,5529.2,5528.5,22232.4,22238.5,38035.9,38055.1,8149.5,8149.1,8150.9,4414.5,4413.5,4414.3,6713.2,6711.9,6711.3,5126.8,5127.1,5127.3,88270.1,88270.8,4955.6,4956,1707.6,1706.6,1706.4,4221.9,4221.8,4222.4,2424.7,2424.3,2424.5,2609.6,2609,2608.7,6060.2,6059.3,15.53,27.700001,5
41404.8,41402,3064.7,3064,3063.7,2688.1,2688.2,2689.1,7160.8,7160.8,7160.6,2243.6,2243.3,2243.9,5059.5,5059.4,115288.4,115324.5,14689,14684.3,14687,3215.5,3214.5,3214.4,3489.2,3489.3,3489.3,5528.9,5528.2,5529.1,22247.4,22226.6,38042.3,38042.3,8151.7,8149.9,8150,4413.4,4412.3,4412.7,6709.6,6708.5,6707.7,5125.2,5124.9,5123.9,88234.9,88217.2,4954.1,4954.7,1707.6,1706.5,1706.6,4220.8,4221.2,4221.9,2424.2,2423.4,2423.4,2607.8,2606.7,2607.8,6061,6059.5,15.47,27.700001,5
41391.9,41400.1,3063,3062.7,3063.3,2686.6,2686.1,2687,7158.7,7158.3,7158.1,2242,2242.5,2243.1,5058.5,5058,115235.8,115174.6,14670.3,14668.3,14672.1,3215.9,3214.1,3213.5,3488.7,3488.9,3488.6,5528.6,5527.7,5527.4,22237.3,22232.1,38030.9,38040.5,8148.5,8148.9,8148.7,4412.1,4411.3,4412.4,6709,6705.7,6707.9,5123.6,5122.7,5123.9,88290.5,88285.5,4953.6,4953.8,1707.3,1706.2,1706.4,4219.6,4220,4221,2424.9,2423.9,2424.1,2608.5,2608.1,2608.2,6059.5,6058.5,15.5,27.700001,5
41397.8,41393.8,3064.1,3063.2,3063.9,2686.6,2687,2687.5,7156.2,7156.3,7155.6,2243.6,2243.2,2243.3,5057,5057.1,115212.6,115228.7,14670,14674.4,14675.4,3214.3,3213.1,3212.5,3488.1,3488.5,3488.4,5524.7,5524.2,5525.6,22231.1,22226.8,38028.3,38016.5,8149,8147.9,8148.7,4410.9,4409.9,4410.6,6707.1,6706.9,6707,5124.6,5124.2,5124,88289.6,88275,4953,4953,1707.4,1706.1,1706,4217.8,4217.4,4218.2,2423.4,2423.1,2423.1,2608.3,2608.1,2608.3,6057.5,6058.5,15.46,27.690001,5
41376.1,41381.6,3062.7,3062.4,3062.5,2686.1,2686.4,2686.1,7153.8,7153.4,7152.6,2242.7,2242.7,2243,5056.7,5056.5,115279.1,115195.3,14671.9,14666.3,14674.3,3213.6,3212.9,3212.2,3488.3,3488.2,3488.2,5523.3,5523.6,5523.3,22232,22233.4,38027,38025.1,8146.8,8146.7,8145.8,4410.7,4409.7,4410.8,6705.6,6704.8,6704.1,5122.7,5120.7,5122,88275.1,88287.7,4952.3,4952.5,1707.1,1705.5,1705.6,4216.4,4215.5,4216.4,2422.8,2422.1,2422.9,2606.8,2607.2,2607.8,6058.6,6057.8,15.5,27.690001,5
41377.9,41375.4,3061.8,3061.5,3061.3,2685.5,2685.5,2686,7151.5,7151.6,7150.8,2242.7,2242.3,2242.4,5055.1,5055.6,115197.9,115143,14664.6,14663.3,14670.4,3214.3,3213,3212.3,3487.6,3487.4,3487.4,5524.9,5524.5,5525.1,22222.9,22225.4,38010.9,38017.9,8147.9,8148.3,8147,4410.2,4409.6,4410,6705.5,6703.2,6703.6,5121.9,5121.6,5121.7,88250.2,88230.1,4951.9,4952.8,1706.6,1705.2,1705.5,4214.8,4214.5,4214.9,2421.9,2420.8,2421.5,2608.1,2608.1,2608,6056,6056.7,15.5,27.700001,5
41361.3,41362,3061.9,3061.4,3062.1,2685.5,2685.1,2685.6,7149.5,7148.3,7149,2242.3,2242,2242.6,5054.5,5054.2,115036,115152.8,14667.5,14665,14667,3213.3,3212.4,3211.3,3487.1,3486.8,3487,5525.2,5524.3,5524,22226.8,22226.6,37998,37991.4,8148.4,8146,8146.2,4408.3,4408,4408.7,6702.4,6700.7,6701,5120.8,5119.5,5119.5,88232.6,88226.4,4949.8,4949.7,1706.1,1704.9,1705,4214,4214.1,4214.3,2421.9,2421,2420.5,2607.4,2606.5,2607.3,6057,6056.1,15.5,27.67,5
41362.4,41358.6,3061.3,3061,3061,2684.5,2684.5,2684.8,7147.5,7146.7,7146.7,2242.5,2242.4,2242.5,5052.8,5053.2,115264,115279.3,14671.7,14665.6,14660.5,3213.4,3211.6,3211.4,3486.6,3486.5,3486.4,5523.2,5523.3,5524.9,22223.8,22223.2,37958,37960.6,8146.8,8144.3,8146.2,4407.7,4407.8,4407.7,6699.7,6698.4,6698.2,5120.8,5120.5,5119.8,88206.7,88256,4949.3,4949.5,1705.9,1704.6,1704.7,4212,4212.3,4213.2,2421,2420.4,2420.8,2607.2,2606.8,2607.3,6054.5,6055.6,15.59,27.67,5
41350.2,41357.7,3060.4,3060.4,3060.3,2683,2683.1,2683.4,7144.8,7144.6,7144.7,2241.3,2241.3,2241.6,5052.2,5052.3,115210.4,115098,14653.8,14653.7,14652.1,3212.5,3211.7,3210.8,3485.6,3485.3,3485.4,5522.2,5521.6,5523.7,22218.3,22216.6,37974.3,37967.4,8145.2,8145,8144.9,4406.9,4406.5,4407.1,6701.2,6698.7,6698.1,5114.4,5114.9,5117.1,88173.5,88187.7,4947.9,4948.3,1705.5,1704.4,1704.6,4211.8,4211.2,4211.8,2420.8,2420.2,2419.9,2607.9,2606.7,2606.6,6055.5,6055.3,15.56,27.690001,5
41359.3,41354.6,3060.3,3059.6,3059.8,2683.4,2683.4,2683.1,7142.8,7142.2,7141.9,2241,2240.3,2240.8,5051.8,5051.7,115175.5,115122.1,14661.7,14652.1,14654.8,3212.3,3211.7,3211.3,3485.9,3485.9,3485.6,5522.9,5521.8,5522,22229.8,22231.4,37972.6,37951.7,8146,8144.9,8144.7,4405.8,4405.5,4406,6698.7,6696.2,6696.6,5115.2,5115.9,5114.6,88173.6,88182.8,4946.5,4946.6,1705.8,1704.4,1704.3,4209.4,4209.4,4210.4,2420.3,2419.3,2419.4,2607.1,2606,2605.3,6053.9,6052.9,15.64,27.67,5
41354.4,41353.7,3059.7,3059.4,3059.4,2682.1,2682.5,2682.5,7140.4,7140.2,7139.7,2240.5,2240,2240.1,5050.3,5050,115121.3,115109.1,14661.6,14652,14651.8,3212.2,3210.6,3209.9,3484.9,3485,3485,5521,5520.1,5520.9,22225.3,22220,37980.8,37960.5,8144.9,8143.9,8143.7,4406.4,4405.6,4406.2,6694.3,6694.8,6693.8,5115.7,5114.8,5114.7,88130.8,88167.4,4946.2,4945.9,1705.3,1704,1703.9,4208.5,4209,4210.5,2420.5,2419.6,2419.2,2604.6,2604.3,2603.5,6054.1,6052.4,15.62,27.67,5
41327.6,41331,3060.1,3059.3,3059.1,2682.2,2682,2682.4,7138.2,7136.9,7136.9,2239.7,2239.6,2239.8,5049.7,5049.2,115068.8,115131.6,14654.3,14644.4,14646.8,3210.9,3209.9,3209.5,3484.3,3484.4,3484.3,5521.4,5522.5,5521,22225.6,22226.8,37975.4,37987.7,8144.7,8143,8144.6,4405.4,4404.4,4404.9,6696.7,6693.5,6693.8,5114.8,5112.2,5112.3,88136.2,88131.4,4944.5,4945.6,1705,1704.1,1704,4208,4208.7,4208.9,2419.8,2418.7,2419,2604.7,2605.6,2605,6053.9,6053,15.71,27.690001,5
41309.6,41319.6,3058.5,3057.2,3057.8,2681.4,2681.1,2681,7136.3,7135.8,7136.1,2239,2238.7,2239.5,5049.3,5048.9,115059.8,115020.9,14647,14643.4,14639.2,3211.1,3209.8,3209.7,3483.9,3483.6,3484,5519.2,5519.2,5519.5,22229.8,22230.4,37995,38012.4,8142.8,8141.5,8143.1,4404,4403.5,4403.5,6693,6690.5,6691.7,5114.7,5113.6,5115.3,88182.7,88187.2,4944.7,4944.9,1704.9,1704,1703.7,4207.3,4207.2,4207.7,2419.2,2418.6,2418.2,2604.2,2604.3,2604.3,6052,6050.6,15.64,27.67,5
41321.2,41315.5,3057.5,3056.6,3056.9,2680.2,2680.4,2680.8,7133.9,7134,7133.8,2238.4,2238.6,2238.6,5048.3,5047.8,115037.2,115022.4,14636.1,14631.1,14631.4,3210.2,3208.8,3208.2,3483.7,3483.5,3483.5,5517.6,5517.7,5517.4,22216.6,22222.7,37985.7,37999.6,8141.4,8140.4,8142.4,4403.7,4402.5,4403.5,6690.6,6689.4,6688.1,5114.2,5115.8,5114.6,88161.8,88163.4,4943.3,4944,1705.1,1703.8,1703.3,4206.3,4206.3,4207.1,2418.6,2417.4,2417.6,2605.3,2605,2604.4,6050.2,6051.5,15.61,27.65,5
41310.9,41313.6,3057.5,3056.5,3057,2680.5,2680.1,2680.7,7133,7132.1,7131.8,2237.9,2237.6,2238.3,5046.9,5046.6,115055.3,115144.2,14647.8,14640.3,14643.7,3210.2,3208.6,3208.5,3482.5,3482.4,3481.9,5517.2,5516.4,5518.6,22213.6,22218,37988.6,37999.3,8140.9,8141.3,8139.6,4402.9,4401.7,4402.6,6689.4,6688.5,6687.8,5113.8,5112.1,5112.9,88136.7,88128.5,4942.4,4942.6,1704.7,1703.4,1703.7,4204.5,4204.4,4204.7,2418,2417.3,2417.8,2603.8,2603.5,2603.9,6051.3,6050.3,15.62,27.690001,5
41308.4,41314.2,3056.8,3056.2,3056.5,2680.1,2679.8,2680.8,7131,7130.5,7131.4,2238,2238.1,2238.7,5045.8,5045.7,115156.7,115126.5,14645.1,14642.1,14637.5,3209.1,3207.9,3207.1,3482.2,3481.8,3481.8,5518.6,5518.5,5518.4,22222.1,22222.1,37999.8,37993.2,8140.5,8138.7,8139.4,4401.4,4400.6,4401.5,6687.2,6687.6,6686.7,5110.4,5111.7,5110.7,88070.1,88067.4,4942.5,4942.1,1703.8,1702.6,1702.8,4202.9,4203.3,4203.8,2417.6,2417,2416.8,2604,2603.6,2603.3,6051.9,6051.3,15.68,27.67,5
41282.2,41290.1,3056.3,3055.5,3055.4,2679.3,2679.4,2679.9,7128.1,7127.1,7127.3,2237.6,2237.5,2237.5,5044.1,5044.1,114996.5,115049.4,14636.4,14632.3,14627.5,3208.6,3207.8,3207,3480.9,3481.4,3481.4,5516.3,5515.6,5515.6,22207.3,22208.8,37950.6,37947.1,8138.5,8137.8,8138,4400.4,4399.8,4399.7,6684,6683,6682.9,5111.5,5109.7,5110.8,88058.6,88059.3,4939.9,4941.6,1704,1702.8,1702.7,4201.9,4202.1,4202.7,2417.2,2416.6,2416.3,2603.9,2603.6,2603.6,6050.5,6051.1,15.73,27.67,5
41286.1,41285,3055.1,3054.5,3054.5,2679,2678.4,2679.3,7125.6,7125.9,7125.6,2236.8,2237,2238,5043.8,5043.6,115091.3,115089.9,14620.9,14622.6,14621.2,3207.8,3206.9,3206,3479.8,3479.8,3480,5515.4,5514.9,5516.2,22209.8,22198.8,37949.3,37957.2,8135.2,8135,8136.4,4398.3,4397.4,4399,6685.3,6683.6,6682,5109.8,5108.5,5110.5,88109.1,88104.7,4941.7,4942,1703.6,1702.3,1702.1,4198.3,4198.2,4199.3,2416,2415.1,2415.6,2603.7,2603,2602.7,6048.3,6048.7,15.89,27.67,5
41271.7,41278.3,3054.7,3054.3,3054.2,2679.3,2678.8,2679,7121.1,7120.4,7120.7,2236,2235.9,2236.2,5043,5042.6,115102.1,115099.4,14622.9,14620.4,14620.7,3207,3206,3205.1,3479.2,3479,3479.1,5514.6,5514.8,5514.1,22180,22186.6,37922,37915.2,8134.2,8134.4,8133.7,4397.3,4396.5,4396.6,6678,6676.4,6676.3,5108.6,5107.5,5107.7,88067.9,88045.6,4938.9,4939.1,1703,1701.8,1701.7,4195.7,4195.7,4197,2415,2414.3,2414.7,2602.1,2600.9,2601.2,6047.3,6047.5,15.71,27.690001,5
41268.9,41256.8,3053.9,3053.3,3053,2677.5,2677.3,2677.8,7116.5,7115.5,7115.2,2236.4,2236,2236.5,5041.7,5041.4,115022.7,114946.7,14622.5,14622.4,14618.5,3206.6,3205.2,3204.6,3477.9,3477.3,3477.5,5512.8,5513.3,5514.5,22196.5,22198.5,37928.9,37913.4,8131,8129.6,8131,4394,4394.1,4394.5,6675.7,6672.5,6674.3,5105.2,5104.7,5108.2,88038.5,88056.9,4938.5,4939.1,1702.5,1701.1,1701.3,4192.8,4192.5,4193.1,2413.6,2413,2412.5,2601.5,2601.3,2601.5,6047.1,6045.5,15.49,27.65,5
41245.4,41243.3,3052.4,3051.8,3052.1,2675.6,2675.2,2675.4,7111,7110.7,7110.2,2234.4,2234.2,2235.4,5039.6,5038.9,115022.7,115127.5,14614.8,14612.1,14615.4,3205,3204,3203.1,3476.5,3476.7,3476.7,5512.9,5512.5,5513.2,22195.2,22197.7,37898.5,37932,8130,8128.6,8128.2,4393.2,4392.4,4393.3,6670.6,6671,6670.9,5105.6,5104.4,5105.3,88000.8,88009.3,4936.2,4935.7,1702.2,1700.8,1700.9,4190.7,4190,4190.1,2412.3,2411.1,2411.6,2599.6,2598.3,2598.6,6043.2,6043.4,15.4,27.65,5
41227,41231.2,3051,3050.8,3050.7,2675.3,2675.2,2675.5,7104.6,7103.9,7104.2,2234.2,2233.5,2234.1,5036.4,5036.3,114986.8,115021.2,14611.6,14610.2,14606.7,3204,3202,3202.3,3475.2,3475.2,3474.9,5514.1,5513.8,5513.9,22190.4,22189.8,37863.4,37855.6,8125.7,8127.6,8126.4,4389.8,4390.1,4390.6,6668.6,6667.1,6665.5,5102.7,5099.9,5101.5,87967.9,87955.2,4935.2,4936.1,1701.2,1699.8,1699.8,4187,4186.9,4187.6,2410.9,2410.7,2410.4,2599.3,2598.1,2598.9,6043.1,6043,15.37,27.66,5
41215.5,41212.6,3050.3,3049.4,3050.2,2674,2673.9,2674.6,7099.2,7098.5,7099,2232.7,2232.1,2232.9,5034.6,5034.2,114908.5,114928.7,14606.3,14597.9,14600.5,3203.7,3202.5,3201.8,3473.6,3474,3474,5509.2,5509.9,5509,22186.8,22185.9,37884.2,37879,8126.8,8127.5,8127.7,4389.2,4388.7,4389.5,6663,6662.3,6663.3,5103.4,5103.4,5101.8,87940.7,87950.7,4934.7,4936.1,1700.8,1699.4,1699.5,4183.9,4184.1,4184.1,2410.1,2409.1,2409.7,2598.7,2597.5,2598.1,6039.3,6038.9,15.47,27.620001,5
41191.9,41201.7,3048.5,3048,3048.4,2672.6,2673,2673,7096.1,7095.7,7096.2,2232.7,2232.3,2232.8,5034.2,5033.8,114971.1,115057.1,14600.7,14600.5,14596.7,3202.8,3202.1,3201.2,3473,3472.7,3472.5,5508.2,5507.7,5508.1,22180.1,22181.4,37866.5,37850.9,8124.9,8122.6,8123.1,4387.8,4386.8,4386.9,6659.6,6657.7,6656.4,5100.4,5098.8,5097.3,87900.8,87859.7,4932.4,4933.2,1699.6,1698.7,1698.5,4180.6,4180.5,4181.1,2409,2408.8,2409.4,2597,2597.6,2597.3,6039.5,6038.4,15.65,27.66,5
41189.8,41185.8,3048.2,3047.6,3047.7,2672.4,2672.1,2672.8,7091.2,7090.5,7090.2,2231.8,2232.1,2232.2,5032.3,5031.6,114981.6,114896.2,14588.4,14582.9,14581.1,3201.7,3200.8,3200.2,3471.4,3471.6,3471.3,5506.5,5505.8,5505.5,22180.5,22178,37862,37844.4,8122.1,8122.9,8122.3,4385.5,4384.8,4385.2,6655,6652.9,6653.7,5097.2,5095.2,5096.7,87852.7,87820.5,4930.8,4930.6,1699.5,1698.1,1698.1,4176.8,4177,4178.1,2408.4,2407.4,2407.7,2597.9,2597.7,2599,6034.6,6033.5,15.46,27.629999,5
41176.7,41172.9,3047.3,3046.6,3046.8,2671.6,2670.7,2670.8,7086.4,7085.5,7086.1,2230.4,2230.4,2230.6,5030.3,5030,114861.4,114886.6,14585.9,14586,14575.7,3200.4,3199.8,3198.6,3470.5,3470,3470,5504.7,5504.8,5505.2,22171.4,22170.5,37856.3,37851.9,8120.4,8120.9,8119.9,4383.4,4382.4,4383.2,6650.3,6648.6,6649.1,5093.8,5093.8,5095.1,87795.1,87812.1,4928.3,4927.9,1698.9,1697.5,1697.4,4173.5,4173.7,4174.4,2407.2,2406.9,2406.9,2600,2599,2596.4,6034.6,6034.3,15.34,27.629999,5
41162.8,41157.5,3045.2,3045,3045,2669.9,2669.5,2669.9,7081.1,7080.1,7080.3,2229.9,2229.9,2230.3,5028.6,5027.9,114887.8,114876,14572.3,14578.8,14569.8,3199.2,3198.3,3197.9,3468.9,3468.6,3468.8,5503.7,5503.9,5505.1,22167.7,22170.6,37808.2,37824.4,8118,8118.3,8118.1,4381.2,4381.5,4381.6,6647.1,6645.5,6645.3,5091.6,5091.8,5092.3,87757.8,87734.8,4927.2,4926.6,1698.1,1697.2,1697.1,4170.9,4170.4,4171.3,2406.1,2405.5,2405.6,2595,2595.7,2597,6033.6,6033.8,15.32,27.629999,5
41136.4,41142.3,3044.6,3044.5,3044.4,2668.6,2668.5,2669,7075.1,7074.2,7074.3,2229.5,2229.5,2230.5,5025.8,5025.7,114948,114878.9,14574.1,14572.2,14572.3,3198,3197.1,3196.6,3467.6,3467.5,3467.7,5503,5502.6,5502.1,22163.2,22164,37819.5,37832.4,8112.3,8112.6,8111.9,4379.3,4378.1,4378.5,6642.1,6640.4,6639.8,5088.9,5089.5,5089,87741.1,87754.8,4923.7,4924.3,1698.1,1696.3,1696.3,4167.9,4167.5,4168.8,2405.2,2404.2,2404.7,2594.4,2594.2,2594.5,6030.2,6030.8,15.25,27.610001,5
41121.6,41125.2,3044.1,3043.4,3044.4,2667.7,2667.4,2667.6,7071.7,7071.7,7071.1,2230.4,2230.4,2230.7,5024.9,5024.6,114882.2,114918.6,14557.8,14564.4,14561.2,3197.5,3196.2,3195.8,3466.1,3465.9,3466,5499.4,5499.9,5499.2,22151.6,22148.2,37768.5,37765,8112.5,8111,8112.3,4376.9,4376.5,4376.7,6638.9,6637.6,6638.5,5085.4,5085.3,5088.2,87685,87691.6,4923.3,4923.7,1697.6,1696.6,1696,4165.3,4165.3,4166.5,2404.3,2403.7,2404,2593.9,2594.4,2594.4,6030.4,6029.1,15.31,27.620001,5
41099.7,41106.9,3042.8,3041.9,3042.6,2666.3,2666.3,2666.2,7066.3,7066.1,7066.1,2228.1,2228.6,2228.6,5022.8,5022.7,114810.2,114897.6,14557.4,14564.8,14553.1,3197.7,3196.4,3195.4,3464.7,3464.7,3464.5,5498.2,5498.6,5498.8,22155.8,22149.4,37778.3,37757.9,8109.5,8110.5,8110.3,4375.1,4374.5,4375.2,6636.4,6633.8,6634.8,5083.2,5086.5,5085.5,87616.7,87614.6,4920.1,4921.4,1697.2,1695.9,1695.8,4162.2,4161.6,4162.7,2403.4,2402.7,2402.5,2592.3,2592.6,2592.9,6026.1,6026.9,15.32,27.620001,5
41089.4,41086.9,3041.7,3041.1,3041.6,2666.1,2665.8,2666,7062.9,7061.5,7061.3,2228.7,2228,2228.6,5020.8,5021.1,114763.5,114784,14553.7,14551.4,14550.3,3196.1,3194.8,3194.6,3463.7,3463.7,3463.7,5495.9,5495.6,5496.2,22150.3,22148.6,37733,37731,8106.9,8106.3,8107.9,4373.3,4372.4,4372.8,6632.7,6630.9,6631,5083.4,5081.9,5082.7,87593,87584.3,4920.4,4921,1696.3,1695.1,1695,4159.4,4159.1,4160,2402.4,2402,2402,2592.6,2592.2,2591.8,6025.4,6026.5,15.29,27.65,5
41079.2,41082.4,3040.5,3040,3040.2,2664.5,2663.8,2664.4,7056.7,7056.4,7056.7,2227.9,2228.1,2228.3,5019.3,5018.6,114855.4,114835.8,14547.8,14548.5,14540.9,3195.2,3194.4,3193.6,3462.4,3462.4,3462.3,5495.2,5494.5,5494.5,22141.7,22141.6,37753.2,37731.9,8102.3,8102.5,8103.6,4371.4,4370.7,4371.3,6627.2,6627.4,6626,5082.1,5080.1,5081.6,87573.8,87569.9,4917.4,4918.4,1695.7,1694.5,1694.4,4156.4,4156.6,4156.9,2401.7,2400.8,2400.9,2592,2592.3,2592.7,6022.1,6023.2,15.31,27.59,5
41068,41064.9,3040.1,3039.4,3039.5,2663.9,2663.8,2664,7053.3,7052.9,7053.2,2227.5,2227.9,2228.5,5017.9,5017.5,114767.4,114768.7,14546.4,14539,14534.9,3194.7,3193.8,3192.8,3461.1,3461.3,3461,5492.2,5492.3,5493,22146.3,22145.2,37727.7,37724.4,8104.7,8103.6,8104,4369.7,4369.4,4369.7,6624.1,6622.3,6623,5080.3,5080.2,5078.9,87513.3,87516.1,4917.3,4917,1695.1,1693.9,1693.8,4154,4152.9,4153.9,2401.3,2400.8,2400.5,2592,2591.6,2590.8,6021.8,6022.8,15.35,27.610001,5
41042,41041.6,3039,3038.9,3038.9,2661.9,2661.6,2662,7048.4,7047.6,7047.7,2225.6,2225.8,2225.7,5015.3,5015.2,114736.5,114655.2,14541.2,14537.7,14532.4,3194.3,3192.7,3191.6,3460.1,3459.6,3459.8,5492.3,5491.7,5492.7,22130.4,22128.7,37690.9,37684.7,8099.7,8098.9,8100.2,4367.3,4366.8,4367.7,6620.4,6618.4,6619,5079.1,5079.1,5077.2,87538.5,87492.5,4914.9,4916.1,1694.3,1693.1,1693.1,4150,4149.7,4150.3,2400.2,2399.9,2399.9,2590.2,2590,2590.2,6020.4,6020.3,15.38,27.58,5
41031.9,41036.1,3038,3037.5,3037.8,2661.1,2660.6,2660.7,7043.8,7043.6,7043.3,2225.1,2225.6,2225.2,5013.6,5013.1,114758.3,114762.1,14538.8,14531.8,14536.4,3193.4,3191.7,3191.6,3459.5,3459.6,3459.1,5490.5,5490.3,5490.8,22133.2,22131.4,37692.5,37691.8,8098.8,8099.2,8097.9,4366,4365.2,4366.1,6618.2,6615.9,6617,5077.7,5076.9,5076.4,87510,87489.8,4914.7,4914,1694.5,1693.1,1693,4146.7,4146.5,4147.1,2398.9,2397.9,2397.9,2590.2,2589.7,2589.7,6018.7,6017.6,15.41,27.59,5
41008.7,41017.8,3036.7,3036.2,3036.3,2659.1,2658.8,2659.8,7038.5,7038.4,7037.9,2225.1,2224.6,2225,5011.5,5011.2,114693.9,114702.1,14535.7,14528.8,14533.7,3192.5,3191.3,3190.5,3458.2,3458.1,3458.1,5489.1,5489.3,5489.9,22129.1,22124.8,37687.5,37698.8,8097.1,8097.7,8098.3,4364,4363.5,4364.2,6613.5,6612.7,6612.5,5074.1,5073.5,5072.6,87494.3,87488.5,4911.1,4911.7,1693.9,1692.5,1692.4,4144.5,4144.5,4144.9,2397.8,2397,2397.2,2588.1,2588.3,2588.7,6016.9,6017.2,15.35,27.59,5
40992.8,40988.3,3035.6,3034.5,3035,2658.3,2658.5,2659.2,7034.6,7033.7,7034.1,2223.8,2223.5,2224.4,5010.4,5010.4,114650.2,114679.6,14526.3,14516.8,14518,3192,3190.5,3190.4,3456.7,3457,3456.8,5488.4,5488.1,5488.3,22116.5,22115.1,37668.2,37691,8095,8093.9,8095.8,4362.9,4361.7,4362.5,6610.4,6609.4,6609.5,5076.4,5076.5,5074.2,87395,87401.8,4911.3,4911.7,1693.4,1692.3,1692.1,4141.7,4141.5,4142,2397.6,2396.8,2397.1,2587.6,2587.8,2588.2,6013.6,6014,15.42,27.610001,5
40993.8,40996.5,3034.8,3034.1,3034.8,2657.9,2658,2658.3,7030.8,7030.6,7029.5,2223.2,2222.9,2223.4,5008.5,5008,114678.7,114645.6,14523.6,14518,14520.8,3190.6,3189.3,3188.7,3455.9,3455.6,3455.7,5485.6,5485.5,5485.1,22106.5,22111.7,37635,37631.1,8091,8091.5,8091.6,4360.9,4360.1,4361.8,6606.3,6606.8,6607.9,5070.6,5068.7,5071.2,87410.2,87400.3,4909.1,4908.7,1692.8,1691.7,1691.5,4139.4,4139.7,4140.2,2393.9,2393.8,2393.9,2587.7,2587.1,2588,6015.3,6014.7,15.35,27.58,5
40979.9,40973.6,3034.6,3034.3,3034.2,2656.4,2656.6,2656.7,7026.1,7025,7025.2,2222.8,2222.6,2223.5,5006.5,5006.2,114655.9,114601.7,14522.1,14521.7,14517.6,3189.8,3188.5,3188.1,3455,3454.8,3454.9,5483.7,5484.1,5484.4,22104.5,22104.1,37593.9,37588.1,8091.5,8091.2,8092.2,4359.9,4359.4,4359.8,6606.8,6605.9,6606.4,5069,5069.7,5069.6,87371.5,87353.8,4906.2,4906.4,1692.1,1690.9,1691,4136.8,4136.3,4137.6,2395.3,2394.3,2394.3,2587.5,2586.7,2587.7,6013.1,6011.6,15.45,27.58,5
40963.3,40953.3,3032.3,3032.3,3032.3,2656.7,2656.4,2656.6,7021.2,7020.4,7021.2,2222.1,2221.4,2222.3,5005.5,5005,114699.1,114619.3,14516.8,14518.7,14513.9,3189.6,3188.5,3188.4,3453.6,3453.6,3453.4,5483.5,5483.1,5482.4,22096.8,22093.9,37600.1,37598.5,8089.1,8089.7,8087.3,4358,4357.4,4357.6,6601.5,6600.4,6599.9,5069.5,5069.3,5071.1,87380.7,87346.6,4905.9,4906.6,1691.6,1690.3,1690.5,4133.8,4134.3,4135,2394.5,2393.9,2394.6,2587.2,2586.5,2586.9,6010.6,6010.4,15.39,27.559999,5
40938.2,40939.5,3032,3031.3,3031.6,2655.2,2654.9,2655.3,7017.6,7017.4,7017.7,2222,2222.3,2222.4,5003.5,5003.2,114623.8,114654.8,14507.8,14508,14500.5,3189.1,3187.9,3187,3452.7,3452.8,3452.4,5480.7,5480.1,5480.5,22092.6,22095.3,37602.7,37591.3,8086.9,8086.1,8084.3,4357.6,4356.9,4356.7,6599.1,6598.1,6597.9,5068.7,5069.7,5068.3,87308.5,87281.9,4903.8,4903.4,1690.5,1689.5,1689.4,4132.1,4131.7,4132.3,2393.4,2393,2393,2586.5,2585.8,2586.1,6009.8,6008.6,15.47,27.58,5
40918.4,40934.2,3031.9,3031.3,3031.6,2653.3,2653,2653.6,7013.8,7014.1,7013.4,2221.5,2221.6,2222.5,5002.3,5002.2,114587.9,114661.9,14501.4,14498.1,14495.8,3188.1,3187.6,3187.1,3451.4,3451.6,3451.4,5481.5,5481.1,5481.2,22083.2,22082,37606,37600,8084.9,8085.1,8082.9,4357,4356.5,4356.6,6598.6,6598.7,6597.1,5068.3,5067.4,5068.5,87291.4,87310.2,4903.5,4903,1690.5,1689.6,1689.2,4129.1,4129.1,4129.9,2392.1,2391.8,2392,2586.1,2586,2586.3,6009.3,6007.8,15.51,27.559999,5
40897.8,40895.2,3030.7,3030.3,3030.6,2651.7,2652,2652.5,7010.5,7009.8,7009.7,2221.2,2220.5,2221,5001.4,5000.5,114477.7,114410.3,14493.9,14488,14498.2,3187.6,3186.7,3185.9,3450.7,3450.7,3450.6,5479.3,5479.4,5480.5,22089,22091.5,37657,37617,8082.1,8082.4,8082.7,4355.9,4355.1,4356.1,6594.3,6593.6,6592.9,5067.5,5066.6,5066.5,87236.6,87207.9,4902.3,4902.4,1690.1,1688.7,1689,4126.9,4126.4,4127.5,2391.4,2391.1,2390.9,2587.7,2587,2587.6,6006.9,6005.5,15.48,27.59,5
40904,40896.4,3029.5,3028.5,3029.1,2652,2651,2651.9,7006.5,7005.4,7005.2,2219.5,2219.8,2220,4998.3,4998.7,114497.6,114468.6,14488.9,14490.4,14484.2,3186.2,3184.8,3184.6,3449.2,3449.1,3449.4,5479,5479.2,5479.6,22084.5,22083.8,37612.3,37600.9,8080.8,8077.8,8078.9,4354.5,4353.7,4353.9,6592.9,6591.1,6592,5065.8,5064.8,5066.9,87235.8,87226.5,4900.4,4900.5,1689.5,1688.5,1688.3,4124.8,4124.5,4125.1,2391.3,2390.6,2390.2,2583.8,2584,2584.3,6005.4,6004.7,15.45,27.559999,5
40885.6,40887.4,3028.2,3027.8,3028,2650.5,2650.7,2650.7,7001.1,7000.2,7000.3,2219.3,2218.8,2218.9,4996.3,4995.9,114431.8,114459.6,14475.2,14480.1,14479.6,3185,3184.3,3183.9,3448.2,3448,3448,5477.9,5478,5478.6,22076.2,22077.8,37614.8,37616.8,8080.2,8078.5,8079.8,4352.2,4351.9,4352.9,6590.5,6588.3,6588,5061,5060.2,5064.3,87214.6,87210.8,4898.6,4899.1,1689,1687.7,1687.8,4124,4123.2,4124.1,2391,2390.5,2390.1,2582.9,2582.1,2582.5,6003.4,6003.6,15.45,27.559999,5
40878.8,40883.7,3028.1,3027.6,3027.6,2649.6,2649.7,2649.7,6998.4,6998.4,6997.4,2217.9,2218.3,2218.8,4995.3,4995.3,114517.1,114522.4,14470.6,14473.4,14467.9,3185.9,3184.3,3184.1,3447,3447,3446.8,5476.3,5475.3,5475.7,22074.6,22075.9,37595.7,37622.5,8078.2,8078.9,8077.6,4351.2,4350.9,4351.6,6590,6589.1,6588.7,5064.2,5060.9,5061.8,87216,87189.6,4898,4897.5,1688.9,1687.8,1687.5,4122,4121.6,4122.5,2390.1,2388.9,2389.1,2582.4,2582,2583,6002.6,6003.4,15.51,27.58,5
40854,40864.2,3027.3,3026.6,3026.7,2649.3,2649.1,2649.9,6994.9,6995.1,6994.6,2218.3,2217.7,2218.8,4993.9,4993.6,114495.8,114424,14473.6,14468,14463.8,3185.5,3183.9,3183.4,3446.3,3446.5,3446.4,5473.3,5472.1,5471.9,22064.3,22068.3,37573,37584.3,8074.4,8073.7,8075,4350,4349.7,4349.8,6585.9,6584.5,6585.3,5061.9,5060.1,5062.7,87135.9,87152.7,4895.6,4896.1,1688.7,1687.2,1687.4,4120.6,4121,4121.9,2389.6,2388.7,2388.4,2582.7,2581.7,2582.2,6003.1,6003.3,15.57,27.559999,5
40843.7,40839.8,3026.7,3026.1,3026.6,2649.2,2649.2,2649.6,6994.4,6993.6,6993.5,2217.9,2217.6,2217.4,4993,4992.9,114524.9,114481.9,14475.5,14475.1,14477.2,3184.1,3183.2,3182.6,3445.3,3445.6,3445.4,5472.3,5472,5473,22064.6,22069.3,37575.9,37576,8073.4,8073.7,8074.7,4349.1,4349,4348.9,6584.5,6584.2,6584.8,5058.8,5059.8,5058.7,87158.6,87168.8,4895,4896,1688.1,1687.2,1686.9,4118.6,4118.9,4119.4,2389.6,2388.6,2388.7,2581.4,2580.1,2581.6,6002.6,6001,15.84,27.559999,5
40838.2,40840.1,3026.7,3026.1,3026.4,2648.4,2648.4,2648.9,6992.3,6991.6,6991.3,2216.2,2216.1,2216.8,4991.7,4991.5,114476,114456.9,14483.2,14480.8,14477.3,3184.3,3182.9,3182.3,3445.2,3445.3,3445.4,5473.8,5472.5,5472,22063.9,22066.5,37563.6,37560.8,8071.3,8071.7,8071.3,4349.9,4348.9,4349.3,6586.7,6584,6584.3,5058,5059.6,5058.6,87167.4,87214.4,4894.9,4894.7,1688.3,1687.2,1687.3,4119.2,4119.3,4119.6,2390.4,2389.6,2389.8,2581.2,2581.4,2581.3,6002.1,6000.5,15.94,27.549999,5
40826.2,40830.1,3026.3,3025.8,3026.2,2648.4,2648.2,2648.5,6992.3,6991.6,6991.5,2216.5,2216.5,2217.4,4991.8,4991.4,114530,114455,14470.7,14467.3,14464.4,3183.8,3182.6,3182.6,3445.4,3445.4,3445.2,5471.8,5471.4,5471.9,22058.4,22057,37539.1,37566.1,8072.2,8073,8072.6,4350.5,4349.8,4350.5,6585.4,6584.6,6584.8,5059.7,5057.8,5059.2,87163.6,87181,4893.9,4894.4,1688.1,1687.1,1687.1,4120.4,4120.1,4121.3,2389,2388.4,2388.6,2582.3,2582.1,2583.6,6001.6,6001.3,16.09,27.559999,5
40834.8,40825,3025.5,3025.1,3025.6,2648.4,2648.5,2648.7,6991.2,6990.8,6990.3,2216.8,2217,2217.4,4991,4990.8,114521.9,114581.3,14476.7,14471.5,14472.9,3184.9,3183.9,3183,3444.9,3444.6,3445,5470.6,5468.9,5469.8,22071,22068,37553.5,37561.9,8072.5,8071.2,8071.8,4349.7,4349.3,4349.5,6585.7,6585.4,6585.3,5059.7,5058.5,5058.7,87187,87174.5,4894.2,4893.8,1688.1,1686.9,1686.9,4119.1,4119.4,4120.2,2390.2,2389.1,2389.7,2583.7,2583.1,2582.6,6001.8,6000.3,16.23,27.530001,5
40820.4,40817.8,3025.6,3024.8,3024.9,2648.4,2647.8,2647.9,6992.1,6991.8,6991.6,2217,2216.7,2217.2,4991.4,4990.9,114495.8,114572.3,14477,14469.7,14476.2,3185.4,3183.6,3182.7,3444.4,3444.4,3444.3,5471.1,5470.9,5471.1,22068.6,22070.1,37544.7,37568.1,8071.5,8071.5,8071.2,4350.5,4350.2,4351.3,6586.7,6583.9,6584.5,5058.4,5059.6,5061.6,87194.4,87193.1,4893.3,4893.6,1688.2,1687.2,1687.1,4119.3,4119.4,4120.6,2389.4,2389,2389.5,2583.3,2582.4,2582.9,6000.6,6000.1,16.209999,27.530001,5
40818.3,40816.9,3026,3025.5,3025.7,2647,2648.1,2647.7,6991.2,6990.8,6990.4,2216.2,2215.8,2216.5,4989.5,4989.2,114545.2,114465.3,14467.1,14464,14466.1,3185,3183.3,3183.2,3444,3444.2,3444.1,5470.2,5469.3,5469.5,22062.9,22057.9,37604.3,37567,8073.7,8072.3,8070.5,4350.3,4349.9,4350.4,6587.5,6585.2,6585.3,5060.7,5061,5062.3,87228.5,87238.8,4892.7,4892.9,1687.9,1686.6,1686.6,4119.2,4118.7,4119.6,2390.9,2389.8,2389.6,2581.9,2581.7,2582,6000.7,6000.1,16.16,27.549999,5
40804.4,40813.1,3025.6,3025.2,3025.5,2647.3,2647.1,2647.6,6990.6,6990,6990.5,2216.5,2216.5,2217.3,4989.4,4989.8,114301.4,114358.1,14474.2,14471.1,14469.1,3184.4,3183.7,3182.8,3443.9,3443.6,3443.6,5468.7,5469.1,5469.3,22066.6,22063.8,37565,37576.7,8072.3,8072.6,8072.3,4351.1,4350.4,4351,6586.9,6585.4,6584.8,5061,5061.7,5060.3,87178.5,87169.5,4892.9,4893.2,1687.8,1686.5,1686.6,4118.7,4118.3,4119.2,2389.1,2388.2,2388.8,2582.1,2582.4,2583.4,6000,5998.4,16.209999,27.530001,5
40823.2,40822.8,3025.8,3024.6,3024.7,2646.3,2646.6,2647,6990.8,6991,6990.8,2216.7,2216.5,2217,4989.5,4989,114343.8,114356.4,14466.7,14463.2,14461,3185.1,3184.6,3183.8,3444.1,3443.5,3443.7,5469.7,5469.8,5470.6,22065.7,22065.8,37579.7,37574.7,8071.7,8072.7,8072.8,4350,4349.1,4350,6584.8,6584.8,6584.9,5061.7,5060.5,5060.5,87226.2,87204.8,4891.7,4892.2,1688.2,1687,1687,4118.6,4118.8,4118.9,2388.4,2387.5,2388,2582.3,2581.8,2582.2,6001.4,6001.1,16.200001,27.530001,5
